published_date,open,high,low,close,per_change,traded_quantity,traded_amount,status
2022-04-19,271.10,298.20,271.10,298.20,10.00,292.00,83244.00,1
2022-04-20,304.10,328.00,304.10,328.00,9.99,329.00,106284.50,1
2022-04-21,334.50,360.80,334.50,360.80,10.00,2937.00,1058227.10,1
2022-04-22,334.50,360.80,334.50,360.80,10.00,2937.00,1058227.10,1
2022-04-25,404.70,436.40,373.00,399.00,0.55,117936.00,47099315.90,1
2022-04-26,400.00,406.00,375.00,390.00,-2.26,31191.00,12240866.90,-1
2022-04-27,390.00,390.00,376.00,385.00,-1.28,19815.00,7563877.00,-1
2022-04-28,390.00,392.00,376.60,377.40,-1.97,17660.00,6718459.50,-1
2022-04-29,390.00,392.00,376.60,377.40,-1.97,17660.00,6718459.50,-1
2022-05-02,370.00,371.00,339.70,358.00,-5.14,33774.00,11962451.30,-1
2022-05-03,370.00,371.00,339.70,358.00,-5.14,33774.00,11962451.30,-1
2022-05-04,359.00,359.00,322.20,324.50,-9.36,39443.00,13000972.00,-1
2022-05-05,318.20,323.00,303.00,304.00,-6.32,17917.00,5549899.10,-1
2022-05-06,318.20,323.00,303.00,304.00,-6.32,17917.00,5549899.10,-1
2022-05-09,315.00,315.00,297.00,305.00,-1.61,9948.00,3057362.80,-1
2022-05-10,311.10,315.00,298.90,307.00,0.66,16367.00,5017307.00,1
2022-05-11,307.00,334.50,303.20,325.50,6.03,21910.00,6908891.00,1
2022-05-12,328.80,336.00,313.60,320.70,-1.47,18554.00,6034107.50,-1
2022-05-13,328.80,336.00,313.60,320.70,-1.47,18554.00,6034107.50,-1
2022-05-16,328.80,336.00,313.60,320.70,-1.47,18554.00,6034107.50,-1
2022-05-17,318.00,318.00,291.50,291.50,-9.11,15356.00,4628160.50,-1
2022-05-18,292.00,307.00,284.30,305.00,4.63,16194.00,4804442.80,1
2022-05-19,300.00,306.00,290.00,300.00,-1.64,13565.00,4061736.50,-1
2022-05-20,295.00,306.00,290.20,295.00,-1.67,7312.00,2198517.00,-1
2022-05-23,289.10,295.00,285.50,286.40,-2.92,7110.00,2056800.00,-1
2022-05-24,285.00,297.00,282.10,290.70,1.50,9756.00,2827623.20,1
2022-05-25,294.70,299.00,285.40,290.50,-0.07,4662.00,1359604.40,-1
2022-05-26,290.50,298.80,286.10,291.00,0.17,9061.00,2637823.00,1
2022-05-27,290.00,295.00,285.40,289.90,-0.38,10340.00,2966138.50,-1
2022-05-30,285.00,295.00,280.00,281.00,-3.07,6744.00,1910264.30,-1
2022-05-31,276.00,280.00,271.00,280.00,-0.36,9538.00,2627646.00,-1
2022-06-01,276.00,282.90,271.40,276.00,-1.43,4880.00,1348068.50,-1
2022-06-02,271.10,279.40,269.10,271.00,-1.81,5733.00,1557999.20,-1
2022-06-03,266.00,277.40,266.00,271.00,0.00,9615.00,2608741.00,0
2022-06-06,270.00,279.90,270.00,270.00,-0.37,6687.00,1832029.00,-1
2022-06-07,265.00,273.00,260.20,261.10,-3.30,8189.00,2171584.40,-1
2022-06-08,256.00,287.00,256.00,275.00,5.32,11467.00,3074503.30,1
2022-06-09,275.00,280.50,265.10,265.10,-3.60,7513.00,2031446.50,-1
2022-06-10,270.30,291.60,270.00,291.60,10.00,27782.00,7899947.10,1
2022-06-13,297.40,320.70,297.40,320.70,9.98,33483.00,10676181.60,1
2022-06-14,327.10,352.00,296.60,300.00,-6.45,59615.00,19050231.40,-1
2022-06-15,294.00,306.00,279.00,290.50,-3.17,21862.00,6338644.20,-1
2022-06-16,296.00,310.00,280.00,302.00,3.96,12338.00,3658695.70,1
2022-06-17,300.00,308.90,292.10,300.50,-0.50,11414.00,3459292.10,-1
2022-06-19,295.10,298.80,288.30,290.00,-3.49,12859.00,3768696.20,-1
2022-06-20,284.20,284.20,274.60,277.80,-4.21,12882.00,3587901.00,-1
2022-06-21,280.00,291.70,274.40,290.70,4.64,13189.00,3758082.30,1
2022-06-22,285.00,286.60,278.00,286.60,-1.41,9925.00,2800704.80,-1
2022-06-23,280.90,280.90,266.00,266.00,-7.19,11732.00,3163252.50,-1
2022-07-05,318.50,331.00,310.00,315.00,-3.08,22821.00,7240142.00,-1
2022-07-06,310.30,316.00,305.00,315.00,0.00,12869.00,4011029.90,0
2022-07-07,315.00,326.00,309.00,314.00,-0.32,16030.00,5009391.00,-1
2022-07-08,314.00,314.00,299.00,304.00,-3.18,10135.00,3073138.90,-1
2022-07-10,314.00,314.00,299.00,304.00,-3.18,10135.00,3073138.90,-1
2022-07-11,300.20,300.20,284.00,284.00,-6.58,9345.00,2693370.40,-1
2022-07-12,285.00,300.00,283.00,289.40,1.90,11763.00,3410675.50,1
2022-07-13,283.70,302.50,283.70,298.00,2.97,13944.00,4113644.00,1
2022-07-14,292.10,310.00,292.10,310.00,4.03,22999.00,7001668.60,1
2022-07-15,311.00,312.00,297.00,303.50,-2.10,11120.00,3357904.50,-1
2022-07-17,298.00,309.00,297.80,299.20,-1.42,10420.00,3158481.00,-1
2022-07-18,294.00,310.00,294.00,307.00,2.61,13500.00,4113925.00,1
2022-07-19,307.00,328.00,306.00,324.00,5.54,45015.00,14335162.90,1
2022-07-20,318.00,329.50,316.60,318.10,-1.82,18577.00,5964208.70,-1
2022-07-21,313.00,337.00,312.40,324.00,1.85,40441.00,13051613.20,1
2022-07-22,330.00,330.00,314.60,321.00,-0.93,27337.00,8750040.70,-1
2022-07-24,320.00,352.00,316.00,350.00,9.03,71751.00,24044266.50,1
2022-07-25,355.00,372.00,345.00,369.90,5.69,58737.00,21029308.60,1
2022-07-26,362.60,369.80,345.10,354.90,-4.06,43284.00,15490775.00,-1
2022-07-27,354.90,379.00,340.00,377.40,6.34,51332.00,18346801.80,1
2022-07-28,380.00,387.00,353.00,362.90,-3.84,54019.00,20090987.20,-1
2022-07-29,364.80,366.00,353.20,362.00,-0.25,16111.00,5808194.40,-1
2022-07-31,360.00,372.00,356.00,369.90,2.18,58371.00,21267707.70,1
2022-08-01,369.00,380.00,360.90,370.00,0.03,57342.00,21282147.80,1
2022-08-02,363.10,375.00,363.10,373.90,1.05,20639.00,7623729.30,1
2022-08-03,366.50,402.00,366.50,390.00,4.31,63365.00,24525168.40,1
2022-08-04,397.00,410.10,377.00,395.00,1.28,71208.00,28389694.00,1
2022-08-05,387.10,401.00,380.00,387.40,-1.92,24028.00,9358801.70,-1
2022-08-07,380.00,402.90,380.00,392.00,1.19,44029.00,17152789.90,1
2022-08-08,392.00,405.00,385.40,390.10,-0.48,29367.00,11626067.50,-1
2022-08-09,382.30,389.00,375.00,380.00,-2.59,27680.00,10550896.80,-1
2022-08-10,375.00,386.90,365.00,378.30,-0.45,24977.00,9392989.00,-1
2022-08-11,385.00,392.00,375.00,379.90,0.42,44741.00,17201597.70,1
2022-08-12,385.00,392.00,375.00,379.90,0.42,44741.00,17201597.70,1
2022-08-14,372.40,379.80,353.50,365.40,-3.82,24247.00,8884984.80,-1
2022-08-15,358.10,383.00,358.10,383.00,4.82,16112.00,6046848.50,1
2022-08-16,375.40,386.00,364.10,366.10,-4.41,20236.00,7562896.40,-1
2022-08-17,360.30,380.00,360.30,370.10,1.09,13830.00,5153674.50,1
2022-08-18,370.00,389.00,366.60,378.00,2.13,34428.00,13132799.50,1
2022-08-19,370.00,389.00,366.60,378.00,2.13,34428.00,13132799.50,1
2022-08-21,377.00,385.00,375.00,377.00,-0.26,15500.00,5867232.50,-1
2022-08-22,379.00,390.00,368.00,380.00,0.80,9283.00,3470032.00,1
2022-08-23,372.40,391.00,372.40,390.00,2.63,25307.00,9749431.70,1
2022-08-24,390.00,390.00,381.10,385.00,-1.28,34051.00,13106600.50,-1
2022-08-25,384.00,399.00,373.50,376.40,-2.23,16495.00,6269100.40,-1
2022-08-26,368.90,379.90,362.20,374.10,-0.61,10613.00,3949176.10,-1
2022-08-28,366.70,369.00,353.00,358.40,-4.20,24241.00,8757366.90,-1
2022-08-29,351.40,374.00,351.40,361.90,0.98,6452.00,2319963.30,1
2022-08-30,354.90,367.20,347.90,359.00,-0.80,6993.00,2492294.00,-1
2022-08-31,351.90,358.00,345.00,349.90,-2.53,11862.00,4156651.10,-1
2022-09-01,350.00,357.00,343.10,355.90,1.71,9442.00,3276189.90,1
2022-09-02,357.00,357.00,346.70,348.00,-2.22,2773.00,972407.00,-1
2022-09-04,345.10,354.90,345.00,349.00,0.29,5472.00,1908889.60,1
2022-09-05,355.90,362.00,347.10,359.00,2.87,12566.00,4437378.20,1
2022-09-06,366.10,366.10,345.00,350.00,-2.51,7387.00,2574509.00,-1
2022-09-07,343.00,345.00,336.10,336.60,-3.83,8898.00,3013807.60,-1
2022-09-08,329.90,349.80,329.90,337.60,0.30,4632.00,1567932.00,1
2022-09-09,329.90,349.80,329.90,337.60,0.30,4632.00,1567932.00,1
2022-09-11,331.00,337.00,327.00,332.90,-1.39,5569.00,1838925.60,-1
2022-09-12,326.30,330.50,321.50,325.00,-2.37,11768.00,3827591.00,-1
2022-09-13,320.00,336.60,319.00,327.00,0.62,10455.00,3421504.80,1
2022-09-14,320.50,342.70,320.50,342.70,4.80,10715.00,3608617.50,1
2022-09-15,342.00,342.00,320.00,331.00,-3.41,16218.00,5319675.00,-1
2022-09-16,324.40,324.40,307.00,320.80,-3.08,12773.00,3990511.50,-1
2022-09-18,320.00,320.00,301.00,302.00,-5.86,10953.00,3326086.00,-1
2022-09-19,320.00,320.00,301.00,302.00,-5.86,10953.00,3326086.00,-1
2022-09-20,297.00,316.90,291.20,305.00,0.99,7630.00,2263837.00,1
2022-09-21,298.90,311.00,298.90,300.20,-1.57,3076.00,930821.00,-1
2022-09-22,295.00,308.00,292.50,300.00,-0.07,3429.00,1033161.50,-1
2022-09-25,294.00,294.00,283.60,290.70,-3.10,7444.00,2140645.30,-1
2022-09-26,294.00,294.00,283.60,290.70,-3.10,7444.00,2140645.30,-1
2022-09-27,285.00,299.00,281.00,294.00,1.14,6466.00,1871987.30,1
2022-09-28,290.00,296.00,280.00,295.00,0.34,21712.00,6230313.90,1
2022-09-29,289.10,316.00,285.00,298.00,1.02,9771.00,2888911.50,1
2022-10-02,289.10,316.00,285.00,298.00,1.02,9771.00,2888911.50,1
2022-10-03,289.10,316.00,285.00,298.00,1.02,9771.00,2888911.50,1
2022-10-04,289.10,316.00,285.00,298.00,1.02,9771.00,2888911.50,1
2022-10-05,289.10,316.00,285.00,298.00,1.02,9771.00,2888911.50,1
2022-10-06,289.10,316.00,285.00,298.00,1.02,9771.00,2888911.50,1
2022-10-09,298.00,314.00,294.10,314.00,5.37,3085.00,923327.80,1
2022-10-10,312.00,317.00,298.80,299.00,-4.78,5084.00,1536869.20,-1
2022-10-11,293.20,300.00,288.00,300.00,0.33,2490.00,736997.00,1
2022-10-12,294.10,304.00,288.60,300.00,0.00,3698.00,1098175.00,0
2022-10-13,296.00,300.00,296.00,299.90,-0.03,3630.00,1082475.50,-1
2022-10-16,294.00,300.00,285.00,293.80,-2.03,6555.00,1903610.50,-1
2022-10-17,288.30,300.80,284.00,300.80,2.38,3267.00,943351.20,1
2022-10-18,288.30,300.80,284.00,300.80,2.38,3267.00,943351.20,1
2022-10-19,295.00,295.00,284.70,290.00,-3.59,4750.00,1366998.00,-1
2022-10-20,284.20,289.00,278.70,280.10,-3.41,9990.00,2813001.00,-1
2022-10-23,276.00,285.70,276.00,285.00,1.75,1265.00,354532.00,1
2022-10-24,276.00,285.70,276.00,285.00,1.75,1265.00,354532.00,1
2022-10-25,276.00,285.70,276.00,285.00,1.75,1265.00,354532.00,1
2022-10-26,276.00,285.70,276.00,285.00,1.75,1265.00,354532.00,1
2022-10-27,276.00,285.70,276.00,285.00,1.75,1265.00,354532.00,1
2022-10-30,276.00,285.70,276.00,285.00,1.75,1265.00,354532.00,1
2022-10-31,285.00,290.00,277.10,283.00,-0.70,2600.00,729730.00,-1
2022-11-01,278.10,299.00,278.10,299.00,5.65,9489.00,2767673.00,1
2022-11-02,294.00,308.20,294.00,301.50,0.84,9004.00,2698679.40,1
2022-11-03,295.50,300.90,291.00,291.00,-3.48,11934.00,3502875.60,-1
2022-11-06,287.30,303.00,282.10,303.00,4.12,5855.00,1736968.00,1
2022-11-07,297.10,306.00,295.10,295.20,-2.57,7569.00,2266718.80,-1
2022-11-08,291.00,306.00,291.00,295.00,-0.07,4260.00,1256817.50,-1
2022-11-09,300.00,300.00,284.40,289.90,-1.73,12930.00,3704982.10,-1
2022-11-10,290.00,295.50,275.70,286.00,-1.35,10474.00,2967781.00,-1
2022-11-13,282.00,287.70,275.10,276.50,-3.32,5002.00,1402182.00,-1
2022-11-14,272.00,285.00,272.00,280.00,1.27,2648.00,736251.10,1
2022-11-15,280.00,285.60,276.00,280.00,0.00,5567.00,1558866.00,0
2022-11-16,275.30,289.90,275.30,289.90,3.54,6438.00,1836649.30,1
2022-11-17,295.00,304.00,284.50,296.00,2.10,16667.00,4942701.70,1
2022-11-20,295.00,304.00,284.50,296.00,2.10,16667.00,4942701.70,1
2022-11-21,295.00,304.00,284.50,296.00,2.10,16667.00,4942701.70,1
2022-11-22,290.30,301.90,283.00,286.00,-3.38,17851.00,5159593.90,-1
2022-11-23,286.00,291.70,281.70,283.50,-0.87,6134.00,1741587.10,-1
2022-11-24,283.50,292.00,283.50,289.80,2.22,3483.00,1001801.00,1
2022-11-27,289.80,298.10,289.80,298.10,2.86,9183.00,2694911.90,1
2022-11-28,293.20,308.90,292.50,293.00,-1.71,12892.00,3845502.00,-1
2022-11-29,298.00,298.00,287.50,292.00,-0.34,1805.00,526546.00,-1
2022-11-30,287.00,297.20,285.00,295.00,1.03,12059.00,3527110.00,1
2022-12-01,290.00,303.00,290.00,297.00,0.68,7374.00,2198122.20,1
2022-12-04,291.10,297.90,290.00,293.00,-1.35,6054.00,1785798.00,-1
2022-12-05,287.20,302.90,286.20,295.00,0.68,6568.00,1934419.80,1
2022-12-06,290.00,297.00,290.00,292.10,-0.98,6119.00,1793669.40,-1
2022-12-07,290.30,311.00,290.30,305.00,4.42,33382.00,10144233.50,1
2022-12-08,290.30,311.00,290.30,305.00,4.42,33382.00,10144233.50,1
2022-12-11,299.00,303.90,294.00,297.30,-2.52,10868.00,3265683.00,-1
2022-12-12,295.10,313.00,295.10,313.00,5.28,12299.00,3771158.10,1
2022-12-13,306.80,318.00,306.80,307.20,-1.85,10333.00,3228342.40,-1
2022-12-14,303.10,312.00,303.10,306.00,-0.39,6262.00,1930560.70,-1
2022-12-15,303.00,304.90,298.00,298.00,-2.61,10701.00,3216370.80,-1
2022-12-18,295.10,303.00,295.10,302.90,1.64,5767.00,1726134.30,1
2022-12-19,300.00,305.00,297.00,303.00,0.03,4375.00,1320351.00,1
2022-12-20,308.90,312.00,300.00,309.00,1.98,14155.00,4369670.40,1
2022-12-21,307.00,313.00,301.10,306.00,-0.97,8513.00,2591362.90,-1
2022-12-22,300.00,309.00,297.00,305.00,-0.33,5600.00,1700920.00,-1
2022-12-25,300.00,309.00,297.00,305.00,-0.33,5600.00,1700920.00,-1
2022-12-26,308.00,320.70,300.00,320.70,5.15,16652.00,5214439.00,1
2022-12-27,327.10,338.00,316.50,328.00,2.28,39332.00,12817239.70,1
2022-12-28,325.00,342.00,319.20,334.00,1.83,20566.00,6774709.60,1
2022-12-29,339.00,356.00,333.00,352.00,5.39,38191.00,13176999.50,1
2023-01-01,354.00,357.00,333.20,342.00,-2.84,38796.00,13393903.60,-1
2023-01-02,336.00,348.00,335.50,348.00,1.75,16074.00,5490232.50,1
2023-01-03,353.70,367.00,336.70,355.00,2.01,59312.00,20951487.80,1
2023-01-04,350.50,385.00,350.00,375.30,5.72,51755.00,19161305.50,1
2023-01-05,380.00,394.00,363.00,379.50,1.12,40835.00,15334560.20,1
2023-01-08,372.00,400.00,365.20,386.00,1.71,43397.00,16829042.70,1
2023-01-09,380.00,414.90,380.00,414.90,7.49,80947.00,32072318.80,1
2023-01-10,406.70,420.00,385.00,396.00,-4.56,55882.00,22576641.50,-1
2023-01-11,406.70,420.00,385.00,396.00,-4.56,55882.00,22576641.50,-1
2023-01-12,390.00,403.00,373.40,378.00,-4.55,53704.00,20614541.30,-1
2023-01-15,390.00,403.00,373.40,378.00,-4.55,53704.00,20614541.30,-1
2023-01-16,390.00,403.00,373.40,378.00,-4.55,53704.00,20614541.30,-1
2023-01-17,376.00,415.80,373.00,415.80,10.00,96569.00,38992857.70,1
2023-01-18,424.10,457.30,424.10,457.30,9.98,209612.00,95231527.00,1
2023-01-19,466.40,500.00,448.00,488.00,6.71,70881.00,33626301.40,1
2023-01-22,466.40,500.00,448.00,488.00,6.71,70881.00,33626301.40,1
2023-01-23,488.00,497.70,459.00,459.00,-5.94,96935.00,46065711.00,-1
2023-01-24,450.00,484.00,441.20,474.10,3.29,40881.00,19069098.10,1
2023-01-25,481.00,511.00,460.00,511.00,7.78,57242.00,27523372.50,1
2023-01-26,501.00,501.00,477.20,488.00,-4.50,81475.00,39388797.20,-1
2023-01-29,488.00,488.00,459.50,467.00,-4.30,65442.00,30918394.20,-1
2023-01-30,458.00,477.00,447.20,451.00,-3.43,33467.00,15474141.60,-1
2023-01-31,450.00,467.00,435.20,467.00,3.55,31367.00,14222212.00,1
2023-02-01,460.00,474.00,454.00,456.00,-2.36,35371.00,16487894.90,-1
2023-02-02,446.90,461.00,443.00,449.90,-1.34,21655.00,9745469.90,-1
2023-02-05,443.50,470.00,440.00,446.00,-0.87,21377.00,9715659.80,-1
2023-02-06,446.20,455.10,439.30,446.00,0.00,10987.00,4922934.70,0
2023-02-07,446.00,490.60,441.00,490.00,9.87,49897.00,23413309.30,1
2023-02-08,499.50,499.50,468.50,471.00,-3.88,77063.00,37025346.50,-1
2023-02-09,462.50,472.00,462.50,470.00,-0.21,13630.00,6363028.00,-1
2023-02-12,460.60,465.00,451.40,454.00,-3.40,28749.00,13112150.90,-1
2023-02-13,460.60,465.00,451.40,454.00,-3.40,28749.00,13112150.90,-1
2023-02-14,445.20,473.00,441.00,452.50,-0.33,28714.00,13069257.50,-1
2023-02-15,444.00,456.00,444.00,445.00,-1.66,18250.00,8188009.00,-1
2023-02-16,445.00,454.00,436.20,438.80,-1.39,21774.00,9634708.30,-1
2023-02-19,445.00,454.00,436.20,438.80,-1.39,21774.00,9634708.30,-1
2023-02-20,433.00,440.00,429.00,438.00,-0.18,74512.00,32189102.20,-1
2023-02-21,433.00,440.00,429.00,438.00,-0.18,74512.00,32189102.20,-1
2023-02-22,446.00,455.00,430.00,451.10,2.99,15307.00,6849675.00,1
2023-02-23,445.00,452.90,435.50,450.00,-0.24,18301.00,8072095.60,-1
2023-02-26,441.00,459.00,416.00,459.00,2.00,28701.00,12399716.50,1
2023-02-27,459.00,466.00,436.00,459.70,0.15,27805.00,12452010.60,1
2023-02-28,452.00,462.00,450.70,454.90,-1.04,21011.00,9574027.00,-1
2023-03-01,446.00,450.00,440.50,443.00,-2.62,6600.00,2922529.00,-1
2023-03-02,446.00,448.80,435.20,437.00,-1.35,7456.00,3270574.00,-1
2023-03-05,430.00,436.00,419.00,420.00,-3.89,8255.00,3503770.00,-1
2023-03-06,430.00,436.00,419.00,420.00,-3.89,8255.00,3503770.00,-1
2023-03-07,420.00,440.00,417.40,430.00,2.38,12318.00,5259568.50,1
2023-03-08,420.00,440.00,417.40,430.00,2.38,12318.00,5259568.50,1
2023-03-09,431.00,446.00,431.00,443.90,3.23,12019.00,5273642.70,1
2023-03-12,443.90,446.00,433.20,440.00,-0.88,16397.00,7219936.50,-1
2023-03-13,432.10,457.00,430.30,457.00,3.86,13900.00,6061980.00,1
2023-03-14,465.00,465.00,439.20,445.00,-2.63,9354.00,4186847.80,-1
2023-03-15,438.30,447.40,437.00,446.90,0.43,5103.00,2246025.60,1
2023-03-16,440.00,448.80,433.00,433.00,-3.11,11514.00,5047249.30,-1
2023-03-19,430.00,464.10,426.20,464.10,7.18,22253.00,9764894.10,1
2023-03-20,454.90,454.90,441.10,453.90,-2.20,24248.00,10879304.00,-1
2023-03-21,454.90,454.90,441.10,453.90,-2.20,24248.00,10879304.00,-1
2023-03-22,461.00,462.90,437.00,440.00,-3.06,12576.00,5621387.70,-1
2023-03-23,432.40,443.70,432.40,440.00,0.00,17785.00,7792256.50,0
2023-03-26,432.00,435.00,419.10,430.00,-2.27,12721.00,5453721.60,-1
2023-03-27,421.40,434.80,421.40,433.00,0.70,10682.00,4564449.00,1
2023-03-28,440.00,441.00,428.10,429.00,-0.92,7767.00,3374543.00,-1
2023-03-29,423.00,434.00,423.00,427.00,-0.47,6523.00,2797050.00,-1
2023-03-30,425.10,436.50,418.50,422.10,-1.15,15240.00,6469092.70,-1
2023-04-02,415.00,430.50,408.00,411.00,-2.63,23176.00,9700315.00,-1
2023-04-03,403.00,415.00,403.00,409.50,-0.36,8404.00,3424450.60,-1
2023-04-17,408.00,415.00,407.00,408.00,-0.97,3460.00,1424053.00,-1
2023-04-19,401.10,412.00,401.10,411.80,1.68,6820.00,2778667.00,1
2023-04-20,403.70,411.00,403.70,403.80,-1.94,6750.00,2742216.40,-1
2023-04-23,395.80,403.00,395.80,402.90,-0.22,4598.00,1840533.00,-1
2023-04-24,395.10,403.00,395.00,402.00,-0.22,4075.00,1620153.50,-1
2023-04-25,394.10,410.00,394.10,402.00,0.00,2860.00,1148916.00,0
2023-04-26,400.00,418.00,397.10,403.80,0.45,13160.00,5365537.00,1
2023-04-27,398.10,405.00,398.10,405.00,0.30,3590.00,1442889.60,1
2023-04-30,397.10,405.00,397.10,398.00,-1.73,10217.00,4082476.70,-1
2023-05-01,397.10,405.00,397.10,398.00,-1.73,10217.00,4082476.70,-1
2023-05-02,395.00,401.00,395.00,396.10,-0.48,5660.00,2258461.00,-1
2023-05-03,395.00,406.90,392.00,395.00,-0.28,4345.00,1725097.00,-1
2023-05-04,395.00,403.90,393.00,400.00,1.27,7081.00,2823371.80,1
2023-05-07,395.00,397.90,387.20,391.40,-2.15,4208.00,1650928.40,-1
2023-05-08,399.20,402.00,387.30,390.00,-0.36,6643.00,2606376.60,-1
2023-05-09,386.00,398.00,386.00,392.10,0.54,3141.00,1229864.60,1
2023-05-10,395.00,407.00,388.10,402.00,2.52,9380.00,3738245.00,1
2023-05-11,400.00,400.00,392.10,396.00,-1.49,1070.00,424149.00,-1
2023-05-14,403.00,403.00,386.00,390.00,-1.52,15222.00,5942437.00,-1
2023-05-15,384.00,394.00,384.00,385.00,-1.28,1857.00,719357.70,-1
2023-05-16,378.00,393.00,378.00,382.60,-0.62,2830.00,1092068.00,-1
2023-05-17,383.00,395.00,383.00,393.00,2.72,3119.00,1220252.00,1
2023-05-18,398.00,407.00,393.10,405.00,3.05,14825.00,5979792.50,1
2023-05-21,405.00,411.50,400.00,401.10,-0.96,14698.00,5953480.30,-1
2023-05-22,393.30,413.00,393.30,410.00,2.22,9647.00,3930105.30,1
2023-05-23,412.00,430.00,412.00,430.00,4.88,25503.00,10770444.10,1
2023-05-24,430.00,434.00,421.40,425.10,-1.14,9647.00,4108633.00,-1
2023-05-25,430.00,434.00,421.40,425.10,-1.14,9647.00,4108633.00,-1
2023-05-28,417.10,430.00,417.10,421.00,-0.96,24817.00,10557948.00,-1
2023-05-29,417.10,430.00,417.10,421.00,-0.96,24817.00,10557948.00,-1
2023-05-30,420.00,420.00,400.00,408.00,-3.09,12397.00,5075989.90,-1
2023-05-31,400.00,410.00,390.00,392.10,-3.90,24165.00,9562065.90,-1
2023-06-01,385.10,399.70,384.10,395.00,0.74,13428.00,5254524.40,1
2023-06-04,395.00,422.00,395.00,415.00,5.06,18849.00,7771947.00,1
2023-06-05,407.10,422.00,407.10,414.90,-0.02,14475.00,5994990.00,-1
2023-06-06,407.10,424.00,407.10,420.00,1.23,9295.00,3891166.00,1
2023-06-07,413.00,426.30,413.00,420.00,0.00,18609.00,7822716.70,0
2023-06-08,420.00,426.00,409.10,412.00,-1.90,12079.00,5030215.40,-1
2023-06-11,415.00,440.00,415.00,434.00,5.34,25842.00,11070911.50,1
2023-06-12,430.00,435.00,426.30,431.00,-0.69,28783.00,12370163.50,-1
2023-06-13,435.00,448.90,429.00,444.90,3.23,57314.00,25268288.90,1
2023-06-14,441.00,451.00,433.00,444.80,-0.02,68979.00,30620631.60,-1
2023-06-15,444.80,452.00,435.00,444.00,-0.18,24762.00,10935689.80,-1
2023-06-18,436.00,488.40,436.00,488.40,10.00,39960.00,18142255.60,1
2023-06-19,478.70,481.20,465.00,469.00,-3.97,59754.00,28239992.80,-1
2023-06-20,460.10,487.00,445.90,487.00,3.84,43418.00,19973984.20,1
2023-06-21,477.30,477.30,446.00,453.00,-6.98,41367.00,18937030.60,-1
2023-06-22,445.00,461.00,431.10,438.00,-3.31,23136.00,10190225.40,-1
2023-06-25,433.00,458.50,433.00,451.00,2.97,16505.00,7402573.00,1
2023-06-26,460.00,460.00,435.00,440.00,-2.44,28501.00,12614750.20,-1
2023-06-27,431.20,445.90,431.20,440.00,0.00,16686.00,7324894.90,0
2023-06-28,448.00,448.80,426.10,427.00,-2.95,16976.00,7357111.50,-1
2023-06-29,448.00,448.80,426.10,427.00,-2.95,16976.00,7357111.50,-1
2023-07-02,421.00,435.00,418.00,424.00,-0.70,17564.00,7442720.70,-1
2023-07-03,416.10,424.00,410.00,411.90,-2.85,17997.00,7501007.50,-1
2023-07-04,410.00,419.10,406.10,419.00,1.72,16726.00,6937500.00,1
2023-07-05,419.00,420.00,400.00,400.00,-4.53,12788.00,5249130.50,-1
2023-07-06,398.10,410.20,398.10,405.00,1.25,12372.00,5003437.00,1
2023-07-09,408.00,420.40,400.00,408.00,0.74,12670.00,5157092.40,1
2023-07-10,410.00,418.20,397.00,399.00,-2.21,24199.00,9742426.20,-1
2023-07-11,391.10,405.00,390.00,390.10,-2.23,19717.00,7780972.80,-1
2023-07-12,386.10,417.00,386.10,407.70,4.51,9012.00,3649312.00,1
2023-07-13,405.00,420.00,388.10,388.10,-4.81,35064.00,14131749.40,-1
2023-07-16,386.10,407.00,383.00,385.00,-0.80,17660.00,6866920.80,-1
2023-07-17,390.00,412.00,384.10,412.00,7.01,16228.00,6520891.80,1
2023-07-18,404.10,418.00,397.00,399.00,-3.16,13734.00,5538005.30,-1
2023-07-19,393.10,409.90,393.10,399.90,0.23,6987.00,2796191.60,1
2023-07-20,396.00,409.00,396.00,400.00,0.03,12450.00,5012903.00,1
2023-07-23,394.10,408.00,394.10,404.90,1.22,16900.00,6772678.00,1
2023-07-24,400.00,412.90,397.00,403.00,-0.47,12392.00,5004057.10,-1
2023-07-25,396.00,404.90,392.10,399.00,-0.99,9773.00,3889049.30,-1
2023-07-26,393.00,406.50,392.00,397.70,-0.33,6105.00,2431585.50,-1
2023-07-27,395.00,403.00,389.70,390.00,-1.94,14652.00,5762326.00,-1
2023-07-30,392.00,395.00,379.30,385.00,-1.28,21116.00,8157460.00,-1
2023-07-31,385.00,393.70,380.00,381.00,-1.04,12292.00,4776209.80,-1
2023-08-01,380.20,390.80,365.10,365.10,-4.17,15082.00,5649372.00,-1
2023-08-02,366.30,372.70,365.00,372.60,2.05,8268.00,3038065.00,1
2023-08-03,366.00,379.80,366.00,368.00,-1.23,11195.00,4171331.90,-1
2023-08-06,365.00,372.10,356.00,360.00,-2.17,9332.00,3366561.80,-1
2023-08-07,355.00,365.30,354.00,360.00,0.00,4200.00,1519026.00,0
2023-08-09,350.00,365.00,348.00,365.00,4.29,5160.00,1838969.00,1
2023-08-10,358.00,371.20,351.10,369.90,1.34,13045.00,4778348.80,1
2023-08-13,362.60,387.00,355.80,384.90,4.06,6317.00,2337972.40,1
2023-08-14,377.30,380.40,368.60,373.00,-3.09,9144.00,3431994.50,-1
2023-08-15,365.60,372.30,355.80,355.80,-4.61,8263.00,2983591.00,-1
2023-08-16,350.00,358.10,350.00,352.10,-1.04,8253.00,2923247.80,-1
2023-08-17,350.00,378.00,350.00,359.00,1.96,7128.00,2591422.20,1
2023-08-20,360.00,360.00,355.00,356.00,-0.84,2970.00,1056272.50,-1
2023-08-21,354.00,356.00,347.00,352.00,-1.12,7581.00,2663369.10,-1
2023-08-22,345.00,356.10,345.00,356.10,1.16,2425.00,854070.50,1
2023-08-23,363.00,375.00,363.00,373.00,4.75,21395.00,7902951.40,1
2023-08-24,373.00,378.00,353.10,355.00,-4.83,11193.00,4074757.70,-1
2023-08-27,355.00,360.00,350.00,352.00,-0.85,6523.00,2302715.80,-1
2023-08-28,350.00,355.00,345.00,354.00,0.57,11885.00,4147469.00,1
2023-08-29,348.00,353.00,345.10,351.00,-0.85,5225.00,1827118.00,-1
2023-08-30,351.00,351.00,342.20,346.00,-1.42,5781.00,1993668.00,-1
2023-08-31,351.00,351.00,342.20,346.00,-1.42,5781.00,1993668.00,-1
2023-09-03,339.10,346.00,315.60,315.60,-8.79,31368.00,10348887.00,-1
2023-09-04,317.00,347.00,299.90,347.00,9.95,50450.00,15641256.70,1
2023-09-05,340.10,368.10,321.00,332.00,-4.32,24555.00,8136205.70,-1
2023-09-06,340.10,368.10,321.00,332.00,-4.32,24555.00,8136205.70,-1
2023-09-07,325.40,326.50,319.00,319.10,-3.89,8662.00,2775120.00,-1
2023-09-10,313.00,325.90,313.00,321.00,0.60,8776.00,2817295.80,1
2023-09-11,316.00,330.60,316.00,330.00,2.80,8900.00,2897936.80,1
2023-09-12,329.00,330.00,319.00,319.00,-3.33,3995.00,1288287.00,-1
2023-09-13,320.00,335.00,316.00,335.00,5.02,11088.00,3647264.20,1
2023-09-14,320.00,335.00,316.00,335.00,5.02,11088.00,3647264.20,1
2023-09-17,329.00,333.00,322.10,325.00,-2.99,11144.00,3645288.30,-1
2023-09-18,326.30,353.00,319.20,350.00,7.69,6570.00,2178973.00,1
2023-09-19,343.00,354.80,326.10,347.00,-0.86,18948.00,6509900.90,-1
2023-09-20,343.00,354.80,326.10,347.00,-0.86,18948.00,6509900.90,-1
2023-09-21,353.90,381.70,344.20,376.40,8.47,43583.00,16256559.70,1
2023-09-24,369.10,376.00,360.00,364.00,-3.29,19102.00,6992292.50,-1
2023-09-25,357.10,389.60,350.60,375.00,3.02,48776.00,18533550.20,1
2023-09-26,372.00,393.00,372.00,389.00,3.73,20679.00,7956758.00,1
2023-09-27,387.00,387.00,371.00,379.90,-2.34,16772.00,6320720.20,-1
2023-09-28,387.00,387.00,371.00,379.90,-2.34,16772.00,6320720.20,-1
2023-10-01,372.40,377.40,362.00,365.50,-3.79,13966.00,5127359.00,-1
2023-10-02,359.00,387.60,352.00,362.00,-0.96,9735.00,3532435.60,-1
2023-10-03,355.00,362.00,355.00,357.00,-1.38,7577.00,2722102.00,-1
2023-10-04,355.10,379.30,355.10,374.00,4.76,14985.00,5555985.00,1
2023-10-05,370.00,374.00,363.00,369.00,-1.34,10438.00,3837378.40,-1
2023-10-08,361.70,364.50,350.00,360.00,-2.44,44966.00,15975692.20,-1
2023-10-09,353.00,361.10,348.10,353.10,-1.92,15953.00,5665538.10,-1
2023-10-10,348.50,354.00,342.00,350.00,-0.88,10458.00,3616138.50,-1
2023-10-11,351.00,358.00,338.00,349.00,-0.29,6398.00,2232660.60,-1
2023-10-12,342.20,345.00,336.00,338.20,-3.09,15097.00,5109238.00,-1
2023-10-15,342.20,345.00,336.00,338.20,-3.09,15097.00,5109238.00,-1
2023-10-16,335.00,336.50,330.00,331.40,-2.01,3452.00,1148703.50,-1
2023-10-17,331.40,343.00,331.40,337.00,1.69,7190.00,2431872.00,1
2023-10-18,337.00,342.90,337.00,340.00,0.89,6315.00,2149211.00,1
2023-10-19,335.80,342.00,335.80,337.00,-0.88,10586.00,3592894.40,-1
2023-10-22,335.80,342.00,335.80,337.00,-0.88,10586.00,3592894.40,-1
2023-10-23,335.80,342.00,335.80,337.00,-0.88,10586.00,3592894.40,-1
2023-10-24,335.80,342.00,335.80,337.00,-0.88,10586.00,3592894.40,-1
2023-10-25,335.80,342.00,335.80,337.00,-0.88,10586.00,3592894.40,-1
2023-10-26,335.80,342.00,335.80,337.00,-0.88,10586.00,3592894.40,-1
2023-10-29,340.00,343.00,326.20,335.00,-0.59,5310.00,1773505.00,-1
2023-10-30,329.00,339.60,329.00,339.60,1.37,2375.00,794294.20,1
2023-10-31,335.00,337.00,330.20,331.00,-2.53,3885.00,1293599.90,-1
2023-11-01,325.00,346.00,321.10,335.00,1.21,5414.00,1788374.00,1
2023-11-02,328.30,333.00,322.20,330.00,-1.49,7731.00,2559166.00,-1
2023-11-05,323.40,336.60,323.40,336.60,2.00,6751.00,2210703.00,1
2023-11-06,333.00,351.90,333.00,351.90,4.55,11830.00,4039171.20,1
2023-11-07,346.00,355.90,343.00,353.00,0.31,15281.00,5385788.00,1
2023-11-08,350.00,356.90,343.00,352.20,-0.23,6685.00,2341096.50,-1
2023-11-09,345.20,353.00,342.10,350.00,-0.62,4735.00,1639520.00,-1
2023-11-12,345.20,353.00,342.10,350.00,-0.62,4735.00,1639520.00,-1
2023-11-13,345.20,353.00,342.10,350.00,-0.62,4735.00,1639520.00,-1
2023-11-14,345.20,353.00,342.10,350.00,-0.62,4735.00,1639520.00,-1
2023-11-15,345.20,353.00,342.10,350.00,-0.62,4735.00,1639520.00,-1
2023-11-16,345.20,353.00,342.10,350.00,-0.62,4735.00,1639520.00,-1
2023-11-19,345.20,353.00,342.10,350.00,-0.62,4735.00,1639520.00,-1
2023-11-20,350.10,361.00,348.20,350.00,0.00,8967.00,3176943.00,0
2023-11-21,344.00,352.00,340.10,341.50,-2.43,2890.00,996044.50,-1
2023-11-22,338.00,360.90,328.00,360.90,5.68,11674.00,4037399.00,1
2023-11-23,354.00,368.10,348.10,361.30,0.11,11876.00,4270227.30,1
2023-11-26,368.00,376.00,360.70,374.00,3.52,28274.00,10507306.20,1
2023-11-27,375.00,375.00,362.10,364.00,-2.67,12043.00,4420715.00,-1
2023-11-28,360.10,371.20,358.00,365.00,0.27,26490.00,9703427.00,1
2023-11-29,358.00,376.00,356.00,357.00,-2.19,15319.00,5561253.40,-1
2023-11-30,350.00,368.00,345.10,346.00,-3.08,10403.00,3646188.90,-1
2023-12-03,340.60,351.00,340.60,350.00,1.16,4316.00,1502539.00,1
2023-12-04,343.10,368.20,343.10,350.00,0.00,21435.00,7546841.20,0
2023-12-05,345.60,355.00,343.00,343.00,-2.00,7740.00,2684554.80,-1
2023-12-06,337.30,352.90,337.30,349.90,2.01,8152.00,2840994.90,1
2023-12-07,343.00,358.00,343.00,351.00,0.31,9596.00,3379510.80,1
2023-12-10,358.00,385.00,358.00,379.40,8.09,650.00,243039.00,1
2023-12-11,380.00,385.00,359.10,365.00,-3.80,37895.00,13939750.40,-1
2023-12-12,365.00,377.00,365.00,371.00,1.64,31938.00,11834377.00,1
2023-12-13,375.30,395.40,375.30,384.00,3.50,48848.00,18781697.60,1
2023-12-14,385.00,410.00,378.10,401.90,4.66,57089.00,22716548.40,1
2023-12-17,400.00,430.00,389.00,423.00,5.25,67145.00,27745267.50,1
2023-12-18,431.40,433.00,406.70,417.00,-1.42,74836.00,31522899.80,-1
2023-12-19,415.00,421.70,405.90,420.00,0.72,27371.00,11281498.00,1
2023-12-20,426.00,462.00,415.00,435.00,3.57,49988.00,21418948.50,1
2023-12-21,427.00,438.00,416.60,419.00,-3.68,43748.00,18582566.80,-1
2023-12-24,412.10,445.00,412.00,423.00,0.95,75865.00,32770666.20,1
2023-12-25,412.10,445.00,412.00,423.00,0.95,75865.00,32770666.20,1
2023-12-26,412.10,445.00,412.00,423.00,0.95,75865.00,32770666.20,1
2023-12-27,431.00,438.00,422.50,425.00,0.47,35455.00,15203153.10,1
2023-12-28,416.50,462.30,416.00,421.30,-0.87,51254.00,21743401.40,-1
2023-12-31,416.50,462.30,416.00,421.30,-0.87,51254.00,21743401.40,-1
2024-01-01,415.50,432.00,415.50,418.50,-0.66,56452.00,24041852.60,-1
2024-01-02,415.20,425.00,411.80,414.50,-0.96,40170.00,16780446.20,-1
2024-01-03,408.00,430.00,408.00,426.00,2.77,25708.00,10863584.60,1
2024-01-04,425.00,441.60,420.20,430.00,0.94,61958.00,26952034.40,1
2024-01-07,435.00,443.00,422.00,435.00,1.16,58410.00,25460283.50,1
2024-01-08,427.10,471.00,427.10,467.80,7.54,109929.00,49765835.70,1
2024-01-09,465.00,480.00,447.10,448.40,-4.15,88830.00,41554550.30,-1
2024-01-10,450.00,476.00,450.00,467.00,4.15,101998.00,47313673.80,1
2024-01-11,470.00,480.00,465.00,470.00,0.64,20014.00,9413883.70,1
2024-01-14,470.00,480.00,455.00,466.00,-0.85,45805.00,21605604.30,-1
2024-01-15,470.00,480.00,455.00,466.00,-0.85,45805.00,21605604.30,-1
2024-01-16,475.00,498.00,469.00,488.00,4.72,134648.00,65272758.80,1
2024-01-17,485.00,490.00,458.70,475.00,-2.66,95493.00,45325082.40,-1
2024-01-18,484.00,485.00,456.00,477.00,0.42,27751.00,13089579.80,1
2024-01-21,469.00,488.00,460.00,469.00,-1.68,87968.00,41702970.80,-1
2024-01-22,461.10,468.00,448.00,462.00,-1.49,37231.00,16935055.30,-1
2024-01-23,468.00,468.00,447.90,459.00,-0.65,15997.00,7245621.80,-1
2024-01-24,451.00,464.00,446.00,450.00,-1.96,16920.00,7664266.30,-1
2024-01-25,450.10,452.00,433.70,446.80,-0.71,19194.00,8450528.80,-1
2024-01-28,440.00,455.70,438.20,450.00,0.72,14778.00,6583870.00,1
2024-01-29,450.00,466.70,444.00,458.00,1.78,27008.00,12313546.70,1
2024-01-30,448.90,465.00,448.90,454.00,-0.87,28991.00,13291090.00,-1
2024-01-31,448.00,481.60,448.00,454.00,0.00,17672.00,8095830.10,0
2024-02-01,463.00,463.00,440.00,445.00,-1.98,18964.00,8454591.60,-1
2024-02-04,440.00,445.90,437.00,438.30,-1.51,10039.00,4426149.30,-1
2024-02-05,446.00,447.00,438.10,445.00,1.53,11499.00,5087216.00,1
2024-02-06,438.00,464.10,438.00,450.00,1.12,9982.00,4477477.00,1
2024-02-07,452.00,468.00,446.20,451.00,0.22,7972.00,3604699.70,1
2024-02-08,460.00,464.10,445.00,464.00,2.88,33502.00,15385349.60,1
2024-02-11,464.00,482.60,462.00,466.90,0.62,24069.00,11274218.00,1
2024-02-12,457.60,476.00,457.60,476.00,1.95,36277.00,17046732.60,1
2024-02-13,466.50,479.90,458.00,463.00,-2.73,54745.00,25791421.50,-1
2024-02-14,454.00,471.00,454.00,458.30,-1.02,15606.00,7199511.80,-1
2024-02-15,450.10,479.00,450.10,467.90,2.09,26402.00,12393950.20,1
2024-02-18,459.00,460.00,449.20,451.00,-3.61,20393.00,9252445.50,-1
2024-02-19,459.00,460.00,449.20,451.00,-3.61,20393.00,9252445.50,-1
2024-02-20,442.10,460.00,442.10,445.30,-1.26,7486.00,3362480.90,-1
2024-02-21,437.10,463.00,436.20,448.00,0.61,16911.00,7459464.20,1
2024-02-22,449.20,455.90,430.00,430.00,-4.02,15736.00,6848285.70,-1
2024-02-25,423.50,431.90,418.90,418.90,-2.58,9899.00,4204246.80,-1
2024-02-26,412.00,443.70,412.00,431.00,2.89,10474.00,4538686.00,1
2024-02-27,431.00,437.00,425.00,434.90,0.90,6927.00,2975484.00,1
2024-02-28,428.20,432.70,425.00,426.60,-1.91,5715.00,2438336.20,-1
2024-02-29,430.00,442.00,416.00,416.00,-2.48,8826.00,3703312.00,-1
2024-03-03,408.00,418.00,408.00,414.00,-0.48,9604.00,3961536.60,-1
2024-03-04,412.00,455.00,412.00,455.00,9.90,1730.00,770928.30,1
2024-03-05,455.00,457.00,426.40,430.00,-5.49,18395.00,8080026.40,-1
2024-03-06,425.00,443.00,423.00,435.00,1.16,13051.00,5636923.90,1
2024-03-07,441.00,443.50,433.00,435.00,0.00,6490.00,2837089.00,0
2024-03-10,435.00,443.00,427.20,440.00,1.15,13400.00,5846665.70,1
2024-03-11,435.00,443.00,427.20,440.00,1.15,13400.00,5846665.70,1
2024-03-12,447.00,448.70,436.00,447.00,1.59,9110.00,4026431.80,1
2024-03-13,440.00,447.90,438.00,447.90,0.20,9518.00,4215044.10,1
2024-03-14,439.00,447.60,434.00,443.50,-0.98,4334.00,1917989.20,-1
2024-03-17,440.00,443.00,432.40,439.00,-1.01,6000.00,2619299.50,-1
2024-03-18,447.00,447.00,431.00,441.70,0.62,7646.00,3329693.50,1
2024-03-19,433.00,445.00,433.00,440.00,-0.38,4044.00,1772764.20,-1
2024-03-20,433.00,436.00,429.00,429.00,-2.50,8758.00,3800000.70,-1
2024-03-21,421.30,437.50,421.30,427.50,-0.35,8793.00,3767240.50,-1
2024-03-24,421.30,437.50,421.30,427.50,-0.35,8793.00,3767240.50,-1
2024-03-25,419.10,427.40,419.10,420.00,-1.75,5695.00,2401241.00,-1
2024-03-26,413.00,431.90,413.00,425.10,1.21,3605.00,1532759.00,1
2024-03-27,420.00,434.00,420.00,425.00,-0.02,6569.00,2797733.00,-1
2024-03-28,433.00,433.50,418.10,423.90,-0.26,9288.00,3913152.30,-1
2024-03-31,432.00,432.00,417.10,424.30,0.09,2763.00,1168326.50,1
2024-04-01,421.00,429.40,415.00,419.90,-1.04,14535.00,6085394.40,-1
2024-04-02,423.00,428.00,416.00,422.60,0.64,9074.00,3810090.80,1
2024-04-03,414.70,425.50,414.70,419.90,-0.64,8187.00,3427271.50,-1
2024-04-04,412.10,421.00,412.10,419.30,-0.14,8029.00,3365048.40,-1
2024-04-07,416.00,424.30,416.00,421.10,0.43,9129.00,3821396.90,1
2024-04-08,416.00,424.30,416.00,421.10,0.43,9129.00,3821396.90,1
2024-04-09,421.00,432.00,421.00,424.00,0.69,8558.00,3651814.00,1
2024-04-10,420.00,435.00,420.00,433.00,2.12,5960.00,2560682.90,1
2024-04-11,420.00,435.00,420.00,433.00,2.12,5960.00,2560682.90,1
2024-04-14,430.00,441.00,424.50,429.10,-0.90,12608.00,5497227.20,-1
2024-04-15,421.00,438.90,419.50,427.50,-0.37,14378.00,6158936.50,-1
2024-04-16,419.00,430.00,419.00,423.00,-1.05,7081.00,2995701.10,-1
2024-04-17,419.00,430.00,419.00,423.00,-1.05,7081.00,2995701.10,-1
2024-04-18,415.00,424.90,415.00,419.00,-0.95,12724.00,5319750.30,-1
2024-04-21,412.10,428.00,412.10,428.00,2.15,5998.00,2515272.00,1
2024-04-22,419.60,428.00,415.00,424.00,-0.93,8216.00,3463893.40,-1
2024-04-23,419.60,428.00,415.00,424.00,-0.93,8216.00,3463893.40,-1
2024-04-24,415.60,427.80,415.60,420.00,-0.94,1890.00,791640.00,-1
2024-04-25,415.00,420.00,413.00,420.00,0.00,3956.00,1644912.60,0
2024-04-28,414.00,428.00,407.70,415.00,-1.19,10195.00,4223427.50,-1
2024-04-29,410.20,419.00,410.20,410.30,-1.13,3324.00,1371251.20,-1
2024-04-30,402.40,426.00,402.40,414.00,0.90,17671.00,7328366.60,1
2024-05-01,402.40,426.00,402.40,414.00,0.90,17671.00,7328366.60,1
2024-05-02,422.20,422.20,413.80,420.00,1.45,5251.00,2196913.20,1
2024-05-05,420.00,431.90,419.50,420.00,0.00,20660.00,8761827.50,0
2024-05-06,428.40,435.00,419.90,431.00,2.62,20569.00,8818677.20,1
2024-05-07,423.10,437.90,423.10,435.00,0.93,15863.00,6900796.40,1
2024-05-08,426.30,443.00,426.30,443.00,1.84,10463.00,4583660.00,1
2024-05-09,450.00,450.00,441.20,441.90,-0.25,23718.00,10545515.00,-1
2024-05-12,435.00,440.00,429.00,438.00,-0.88,8216.00,3567432.00,-1
2024-05-13,444.90,444.90,428.00,434.00,-0.91,3170.00,1365975.00,-1
2024-05-14,433.50,453.00,433.50,452.00,4.15,32158.00,14418529.30,1
2024-05-15,443.10,460.00,441.40,444.00,-1.77,4360.00,1957994.00,-1
2024-05-16,441.00,449.00,436.70,441.50,-0.56,8287.00,3658064.00,-1
2024-05-19,450.30,450.30,432.70,446.00,1.02,8469.00,3761876.90,1
2024-05-20,440.00,460.00,440.00,449.00,0.67,10357.00,4658785.50,1
2024-05-21,457.00,458.00,445.00,454.80,1.29,18404.00,8350633.50,1
2024-05-22,445.80,456.00,444.00,444.00,-2.37,12634.00,5691836.40,-1
2024-05-23,445.80,456.00,444.00,444.00,-2.37,12634.00,5691836.40,-1
2024-05-26,440.00,444.00,427.50,438.00,-1.35,18263.00,7909103.10,-1
2024-05-27,430.00,440.00,430.00,439.00,0.23,12196.00,5280255.00,1
2024-05-28,430.00,440.00,430.00,439.00,0.23,12196.00,5280255.00,1
2024-05-29,447.70,455.00,433.20,435.00,-0.91,23857.00,10552349.80,-1
2024-05-30,427.00,465.00,427.00,465.00,6.90,25974.00,11589521.00,1
2024-06-02,474.30,485.00,452.10,485.00,4.30,96453.00,45791763.70,1
2024-06-03,475.30,508.60,475.30,508.00,4.74,249198.00,124066630.00,1
2024-06-04,508.00,518.00,496.90,497.00,-2.17,90506.00,45830518.70,-1
2024-06-05,500.00,502.80,486.00,500.00,0.60,54126.00,26721620.60,1
2024-06-06,500.00,506.90,491.10,505.00,1.00,75393.00,37577642.70,1
2024-06-09,508.00,508.00,488.00,499.00,-1.19,85895.00,42437407.00,-1
2024-06-10,501.00,533.00,497.00,533.00,6.81,175272.00,90279019.80,1
2024-06-11,522.40,586.30,515.00,586.30,10.00,145197.00,81300823.90,1
2024-06-12,598.00,598.00,561.00,570.00,-2.78,75113.00,42631779.20,-1
2024-06-13,563.00,575.00,558.70,562.20,-1.37,69322.00,39285685.80,-1
2024-06-16,562.00,572.00,546.00,555.00,-1.28,57237.00,32200013.00,-1
2024-06-17,562.00,572.00,546.00,555.00,-1.28,57237.00,32200013.00,-1
2024-06-18,544.00,565.00,544.00,548.80,-1.12,41662.00,22942326.50,-1
2024-06-19,548.80,560.00,545.00,550.00,0.22,29297.00,16169732.10,1
2024-06-20,550.00,578.00,545.20,578.00,5.09,63470.00,35156387.20,1
2024-06-23,580.00,580.00,557.10,565.00,-2.25,60584.00,34358482.50,-1
2024-06-24,576.00,596.80,554.00,596.00,5.49,136034.00,79422401.70,1
2024-06-25,595.00,605.00,587.00,597.00,0.17,86635.00,51353255.00,1
2024-06-26,588.00,609.50,585.20,609.50,2.09,111110.00,66545359.30,1
2024-06-27,621.60,624.00,595.00,608.00,-0.25,39005.00,23445911.20,-1
2024-06-30,596.00,605.00,582.20,582.20,-4.24,33132.00,19561835.30,-1
2024-07-01,593.80,593.80,574.00,587.90,0.98,39428.00,22863200.60,1
2024-07-02,599.60,635.40,580.00,592.00,0.70,48007.00,28381313.40,1
2024-07-03,600.80,600.80,582.00,594.00,0.34,22511.00,13206757.60,1
2024-07-04,600.00,600.00,578.00,591.00,-0.51,25255.00,14950197.20,-1
2024-07-07,600.00,600.00,574.30,578.00,-2.20,25625.00,14901040.80,-1
2024-07-08,589.00,589.00,567.60,581.10,0.54,23981.00,13819582.40,1
2024-07-09,570.10,599.70,566.50,599.00,3.08,25319.00,14739856.00,1
2024-07-10,587.10,623.00,577.00,600.00,0.17,31241.00,18611463.30,1
2024-07-11,600.00,636.40,575.80,590.00,-1.67,130647.00,78085767.40,-1
2024-07-14,591.00,627.00,568.50,620.00,5.08,99775.00,60869889.40,1
2024-07-15,632.40,645.00,583.50,645.00,4.03,97143.00,59123232.30,1
2024-07-16,632.10,657.50,608.00,649.00,0.62,99171.00,62624379.10,1
2024-07-17,649.00,669.00,620.60,669.00,3.08,121615.00,78478113.50,1
2024-07-18,669.00,699.90,613.00,672.10,0.46,163912.00,110297207.10,1
2024-07-21,678.00,678.00,627.20,646.70,-3.78,82759.00,53357663.60,-1
2024-07-22,645.00,649.00,622.00,630.00,-2.58,61068.00,38419748.30,-1
2024-07-23,618.00,655.00,618.00,633.00,0.48,105474.00,67069521.20,1
2024-07-24,633.00,635.00,616.30,620.00,-2.05,50216.00,31445774.30,-1
2024-07-25,611.00,624.70,604.70,610.00,-1.61,52525.00,32219106.00,-1
2024-07-28,622.20,656.80,608.00,608.20,-0.30,37716.00,23394176.00,-1
2024-07-29,610.00,639.00,605.00,634.00,4.24,214686.00,131555695.90,1
2024-07-30,636.00,653.80,624.00,645.00,1.74,100171.00,63827662.80,1
2024-07-31,645.20,653.00,625.00,633.00,-1.86,78474.00,50112459.40,-1
2024-08-01,635.00,640.00,612.00,613.50,-3.08,58858.00,36678211.80,-1
2024-08-04,635.00,640.00,612.00,613.50,-3.08,58858.00,36678211.80,-1
2024-08-05,625.70,632.00,601.00,629.80,2.66,66094.00,40984566.10,1
2024-08-06,625.00,638.90,600.00,605.00,-3.94,63272.00,39244171.20,-1
2024-08-07,605.00,630.00,592.00,627.00,3.64,39211.00,24137180.50,1
2024-08-08,614.90,627.10,609.00,614.00,-2.07,36024.00,22208060.40,-1
2024-08-11,614.00,635.00,608.10,622.00,1.30,72281.00,45009368.10,1
2024-08-12,611.00,648.00,611.00,645.00,3.70,101765.00,64792717.00,1
2024-08-13,646.00,655.00,620.00,626.90,-2.81,42333.00,26692206.20,-1
2024-08-14,627.00,630.00,615.20,626.00,-0.14,44567.00,27777186.40,-1
2024-08-15,614.00,638.00,613.50,614.10,-1.90,53863.00,33461149.40,-1
2024-08-18,605.00,628.00,597.00,598.00,-2.62,44984.00,27186745.60,-1
2024-08-19,605.00,628.00,597.00,598.00,-2.62,44984.00,27186745.60,-1
2024-08-20,605.00,628.00,597.00,598.00,-2.62,44984.00,27186745.60,-1
2024-08-21,588.30,612.00,588.30,600.00,0.33,35577.00,21262890.40,1
2024-08-22,599.00,609.90,588.00,588.00,-2.00,37616.00,22414485.50,-1
2024-08-25,599.70,599.70,576.00,580.00,-1.36,21475.00,12484396.50,-1
2024-08-26,599.70,599.70,576.00,580.00,-1.36,21475.00,12484396.50,-1
2024-08-27,569.10,600.00,569.00,574.00,-1.03,31386.00,18088516.00,-1
2024-08-28,584.00,590.50,560.00,565.00,-1.57,18799.00,10777792.60,-1
2024-08-29,570.00,579.30,556.30,558.00,-1.24,26681.00,14970537.00,-1
2024-09-01,569.00,569.00,533.20,535.50,-4.03,25422.00,13788342.90,-1
2024-09-02,532.00,555.90,530.10,552.90,3.25,23589.00,12905478.80,1
2024-09-03,563.00,563.00,542.00,552.90,0.00,13910.00,7667275.00,0
2024-09-04,563.90,563.90,521.10,535.80,-3.09,33325.00,17781683.00,-1
2024-09-05,546.00,546.00,517.10,522.00,-2.58,22428.00,11726759.20,-1
2024-09-08,518.00,533.00,512.80,512.80,-1.76,17079.00,8938683.60,-1
2024-09-09,513.00,515.00,500.00,502.00,-2.11,24326.00,12300255.90,-1
2024-09-10,505.00,519.00,495.00,504.90,0.58,20933.00,10520021.80,1
2024-09-11,500.10,510.00,492.00,500.00,-0.97,28600.00,14286318.80,-1
2024-09-12,510.00,550.00,508.80,550.00,10.00,77854.00,41792972.10,1
2024-09-15,561.00,590.00,555.70,585.00,6.36,118927.00,68457359.50,1
2024-09-16,574.00,621.00,559.00,605.00,3.42,73460.00,43465159.20,1
2024-09-17,574.00,621.00,559.00,605.00,3.42,73460.00,43465159.20,1
2024-09-18,617.10,617.10,558.00,606.90,0.31,58575.00,34682997.30,1
2024-09-19,617.10,617.10,558.00,606.90,0.31,58575.00,34682997.30,1
2024-09-22,618.90,619.00,550.90,596.00,-1.80,48673.00,28474558.00,-1
2024-09-23,584.20,595.80,550.80,595.80,-0.03,44280.00,25115898.20,-1
2024-09-24,601.70,601.70,541.00,571.00,-4.16,20187.00,11420733.00,-1
2024-09-25,560.00,596.70,549.00,590.00,3.33,32884.00,18866109.20,1
2024-09-26,590.00,591.60,531.00,531.00,-10.00,85264.00,46461037.70,-1
2024-09-29,520.40,540.00,494.90,527.00,-0.75,38787.00,19772695.50,-1
2024-09-30,516.50,537.90,508.20,537.00,1.90,15384.00,8061353.20,1
2024-10-01,526.30,564.00,521.00,562.00,4.66,28539.00,15731960.20,1
2024-10-02,550.80,572.90,541.10,552.00,-1.78,27807.00,15466588.80,-1
2024-10-03,550.80,572.90,541.10,552.00,-1.78,27807.00,15466588.80,-1
2024-10-06,563.00,563.00,533.20,561.00,1.63,12954.00,7116848.30,1
2024-10-07,572.20,572.20,549.00,563.00,0.36,21918.00,12267293.90,1
2024-10-08,562.00,569.90,542.70,559.00,-0.71,17063.00,9401519.70,-1
2024-10-09,547.90,561.00,547.10,556.00,-0.54,7431.00,4091138.10,-1
2024-10-10,547.90,561.00,547.10,556.00,-0.54,7431.00,4091138.10,-1
2024-10-13,547.90,561.00,547.10,556.00,-0.54,7431.00,4091138.10,-1
2024-10-14,547.90,561.00,547.10,556.00,-0.54,7431.00,4091138.10,-1
2024-10-15,567.10,567.10,546.80,555.10,-0.16,17135.00,9510631.50,-1
2024-10-16,566.00,566.00,543.70,566.00,1.96,14623.00,8179633.90,1
2024-10-17,556.00,565.00,554.80,557.00,-1.59,8630.00,4826014.60,-1
2024-10-20,546.10,579.00,540.20,550.00,-1.26,15352.00,8466133.90,-1
2024-10-21,561.00,561.00,533.00,534.00,-2.91,19116.00,10293381.80,-1
2024-10-22,532.50,560.50,526.20,560.50,4.96,26881.00,14505871.30,1
2024-10-23,571.70,571.70,507.70,538.50,-3.93,54483.00,28573398.10,-1
2024-10-24,528.00,539.00,513.70,523.40,-2.80,33548.00,17428666.40,-1
2024-10-27,523.00,531.90,518.00,519.10,-0.82,13604.00,7108232.70,-1
2024-10-28,529.00,532.00,520.10,529.00,1.91,14604.00,7714595.90,1
2024-10-29,539.50,540.00,524.00,540.00,2.08,20432.00,10950260.20,1
2024-10-30,550.00,550.00,535.10,540.00,0.00,9475.00,5112385.70,0
2024-10-31,550.00,550.00,535.10,540.00,0.00,9475.00,5112385.70,0
2024-11-03,550.00,550.00,535.10,540.00,0.00,9475.00,5112385.70,0
2024-11-04,550.00,550.00,535.10,540.00,0.00,9475.00,5112385.70,0
2024-11-05,533.50,556.50,533.50,541.20,0.22,13489.00,7384510.40,1
2024-11-06,550.00,555.90,535.00,550.00,1.63,25917.00,14229569.00,1
2024-11-07,550.00,555.90,535.00,550.00,1.63,25917.00,14229569.00,1
2024-11-10,559.90,594.00,555.20,590.00,7.27,68515.00,39705122.00,1
2024-11-11,601.80,601.80,565.00,576.00,-2.37,56435.00,32523549.00,-1
2024-11-12,565.20,583.00,564.00,565.00,-1.91,14205.00,8103818.90,-1
2024-11-13,560.10,573.00,560.00,565.00,0.00,28346.00,16051224.00,0
2024-11-14,565.00,582.00,563.30,578.00,2.30,26244.00,15081173.00,1
2024-11-17,576.00,598.80,576.00,584.00,1.04,41275.00,24370943.10,1
2024-11-18,576.00,598.80,576.00,584.00,1.04,41275.00,24370943.10,1
2024-11-19,580.00,588.50,552.00,562.00,-3.77,22738.00,12976851.60,-1
2024-11-20,553.10,570.00,553.00,570.00,1.42,16551.00,9368280.00,1
2024-11-21,561.00,573.00,555.00,557.00,-2.28,12701.00,7129195.00,-1
2024-11-24,550.10,570.00,550.00,550.00,-1.26,13570.00,7538632.90,-1
2024-11-25,550.00,562.00,543.00,550.00,0.00,12719.00,7034717.90,0
2024-11-26,561.00,592.60,549.00,586.00,6.55,43715.00,25190771.20,1
2024-11-27,574.30,598.00,574.30,592.00,1.02,52841.00,31218688.00,1
2024-11-28,593.00,596.00,578.00,587.90,-0.69,23279.00,13591375.60,-1
2024-12-01,599.60,599.60,565.00,571.10,-2.86,22726.00,13031518.30,-1
2024-12-02,566.00,582.40,563.00,566.00,-0.89,21593.00,12325266.40,-1
2024-12-03,570.00,577.00,568.00,569.90,0.69,20112.00,11515387.30,1
2024-12-04,570.00,583.00,565.00,579.00,1.60,34764.00,20052955.00,1
2024-12-05,575.00,575.00,560.30,568.00,-1.90,9988.00,5665954.00,-1
2024-12-08,557.00,573.20,545.00,550.00,-3.17,22955.00,12687275.30,-1
2024-12-09,540.00,565.00,540.00,546.00,-0.73,11319.00,6237793.90,-1
2024-12-10,556.90,557.00,545.00,545.00,-0.18,7981.00,4380255.00,-1
2024-12-11,540.00,567.00,528.00,552.00,1.28,12390.00,6813012.00,1
2024-12-12,552.00,565.00,543.30,547.00,-0.91,16276.00,9060202.80,-1
2024-12-15,552.00,565.00,543.30,547.00,-0.91,16276.00,9060202.80,-1
2024-12-16,547.00,550.00,531.00,536.80,-1.86,12340.00,6630071.10,-1
2024-12-17,535.00,546.70,532.00,532.00,-0.89,6326.00,3402411.50,-1
2024-12-18,542.50,545.70,534.10,536.30,0.81,6542.00,3521782.20,1
2024-12-19,526.30,547.00,526.30,532.00,-0.80,10674.00,5665476.80,-1
2024-12-22,542.60,550.00,531.00,545.00,2.44,14371.00,7810230.00,1
2024-12-23,546.00,552.40,546.00,550.00,0.92,13889.00,7625695.80,1
2024-12-24,555.00,566.00,553.00,561.00,2.00,15364.00,8626659.20,1
2024-12-25,555.00,566.00,553.00,561.00,2.00,15364.00,8626659.20,1
2024-12-26,567.00,568.00,560.00,561.50,0.09,30739.00,17325052.00,1
2024-12-29,510.00,520.00,497.90,500.00,-2.05,11763.00,5960413.30,-1
2024-12-30,510.00,520.00,497.90,500.00,-2.05,11763.00,5960413.30,-1
2024-12-31,501.00,501.00,477.00,480.00,-4.00,14770.00,7124435.20,-1
2025-01-01,472.00,485.00,472.00,481.40,0.29,5430.00,2599654.10,1
2025-01-02,474.00,489.00,474.00,485.00,0.75,4504.00,2173334.00,1
2025-01-05,480.00,533.50,478.20,533.50,10.00,39869.00,20659751.10,1
2025-01-06,535.00,577.00,535.00,560.00,4.97,61236.00,34589878.10,1
2025-01-07,560.00,570.00,548.80,550.00,-1.79,21049.00,11718810.80,-1
2025-01-08,561.00,571.00,533.00,565.00,2.73,41612.00,23125809.20,1
2025-01-09,565.00,576.20,561.00,563.00,-0.35,26770.00,15210637.00,-1
2025-01-12,560.00,564.00,544.10,546.10,-3.00,16341.00,8992840.50,-1
2025-01-13,545.00,554.00,535.20,538.00,-1.48,10115.00,5480578.60,-1
2025-01-14,545.00,554.00,535.20,538.00,-1.48,10115.00,5480578.60,-1
2025-01-15,528.00,549.20,528.00,536.20,-0.33,3961.00,2137397.60,-1
2025-01-16,537.00,543.00,531.00,543.00,1.27,15278.00,8194314.80,1
2025-01-19,545.00,557.00,545.00,550.00,1.29,17145.00,9449485.50,1
2025-01-20,550.00,563.00,550.00,552.10,0.38,17946.00,9980291.60,1
2025-01-21,552.10,558.30,546.10,549.00,-0.56,11513.00,6386129.30,-1
2025-01-22,539.00,559.00,539.00,551.00,0.36,6986.00,3877138.10,1
2025-01-23,551.00,558.00,543.00,543.10,-1.43,11561.00,6343997.60,-1
2025-01-26,553.00,564.00,541.20,546.20,0.57,12379.00,6841542.20,1
2025-01-27,545.00,563.00,545.00,549.10,0.53,24737.00,13735676.90,1
2025-01-28,540.00,568.00,540.00,562.00,2.35,23533.00,13079751.70,1
2025-01-29,540.00,568.00,540.00,562.00,2.35,23533.00,13079751.70,1
2025-01-30,540.00,568.00,540.00,562.00,2.35,23533.00,13079751.70,1
2025-02-02,573.00,576.20,565.00,570.50,1.51,35786.00,20436242.60,1
2025-02-03,581.90,581.90,555.00,562.00,-1.49,22591.00,12730560.40,-1
2025-02-04,570.00,570.00,551.00,558.90,-0.55,19944.00,11123528.80,-1
2025-02-05,551.60,567.00,549.00,559.40,0.09,10898.00,6064543.70,1
2025-02-06,568.90,568.90,546.00,546.00,-2.40,16391.00,9048001.60,-1
2025-02-09,546.00,562.00,546.00,548.00,0.37,27122.00,15084113.00,1
2025-02-10,543.50,570.00,543.50,547.90,-0.02,13058.00,7168003.70,-1
2025-02-11,547.90,558.00,540.30,549.00,0.20,15092.00,8235638.00,1
2025-02-12,545.00,552.00,545.00,547.90,-0.20,15780.00,8655439.50,-1
2025-02-13,558.80,558.80,535.00,535.00,-2.35,19918.00,10786964.50,-1
2025-02-16,530.00,545.00,530.00,541.00,1.12,16446.00,8890618.50,1
2025-02-17,551.50,551.50,537.00,544.00,0.55,17015.00,9184248.60,1
2025-02-18,554.00,554.00,538.10,541.00,-0.55,12836.00,6956819.20,-1
2025-02-19,554.00,554.00,538.10,541.00,-0.55,12836.00,6956819.20,-1
2025-02-20,538.10,541.00,534.00,537.00,-0.74,13334.00,7162246.40,-1
2025-02-23,527.30,557.80,521.00,540.00,0.56,29399.00,15906107.80,1
2025-02-24,531.00,553.00,531.00,538.00,-0.37,11168.00,6053978.10,-1
2025-02-25,538.00,548.00,535.40,538.50,0.09,8172.00,4426893.60,1
2025-02-26,538.00,548.00,535.40,538.50,0.09,8172.00,4426893.60,1
2025-02-27,532.10,550.80,532.10,547.00,1.58,22139.00,11991291.70,1
2025-03-02,536.10,550.00,536.10,549.00,0.37,28372.00,15465211.10,1
2025-03-03,549.00,552.90,540.00,542.00,-1.28,24022.00,13109931.00,-1
2025-03-04,535.00,544.00,531.60,534.00,-1.48,14834.00,7959723.20,-1
2025-03-05,544.00,544.00,520.00,525.10,-1.67,17659.00,9328553.60,-1
2025-03-06,520.00,535.00,520.00,525.00,-0.02,12775.00,6710944.50,-1
2025-03-09,525.00,528.00,500.00,520.00,-0.95,17981.00,9194655.40,-1
2025-03-10,530.00,530.00,505.00,505.00,-2.88,12315.00,6287851.00,-1
2025-03-11,505.00,513.00,497.30,498.00,-1.39,8845.00,4435213.90,-1
2025-03-12,500.00,507.00,493.00,493.00,-1.00,11610.00,5797107.00,-1
2025-03-13,500.00,507.00,493.00,493.00,-1.00,11610.00,5797107.00,-1
2025-03-16,490.60,499.90,485.30,499.90,1.40,10993.00,5383629.00,1
2025-03-17,490.20,500.00,488.00,495.00,-0.98,5869.00,2886931.50,-1
2025-03-18,492.00,514.90,491.00,498.00,0.61,7772.00,3873047.00,1
2025-03-19,499.00,505.00,490.00,490.00,-1.61,7410.00,3679224.00,-1
2025-03-20,495.00,499.00,485.10,490.91,0.19,11313.00,5557982.10,1
2025-03-23,482.30,488.90,472.00,473.89,-3.47,13309.00,6354616.70,-1
2025-03-24,474.00,476.00,466.00,470.42,-0.73,6719.00,3173222.50,-1
2025-03-26,462.00,467.00,457.00,462.23,1.91,13552.00,6270406.90,1
2025-03-27,471.40,471.40,462.00,468.75,1.41,6907.00,3219715.90,1
2025-03-30,462.10,477.00,450.60,471.74,0.64,22521.00,10590466.70,1
2025-03-31,462.10,477.00,450.60,471.74,0.64,22521.00,10590466.70,1
2025-04-01,471.00,471.00,454.80,457.25,-3.07,14647.00,6744034.40,-1
2025-04-02,456.10,474.00,454.10,459.32,0.45,21671.00,10045081.30,1
2025-04-03,450.20,505.20,435.00,505.20,9.99,227120.00,109688258.70,1
2025-04-06,450.20,505.20,435.00,505.20,9.99,227120.00,109688258.70,1
2025-04-07,515.00,516.00,481.00,486.91,-3.62,78644.00,38797468.10,-1
2025-04-08,478.10,495.00,468.00,489.58,0.55,79183.00,38038289.20,1
2025-04-09,495.00,500.70,486.20,490.80,0.25,43152.00,21268413.00,1
2025-04-10,485.00,495.00,483.00,491.26,0.09,31486.00,15444560.00,1
2025-04-13,484.00,488.00,477.00,480.05,-2.28,41076.00,19835431.60,-1
2025-04-14,484.00,488.00,477.00,480.05,-2.28,41076.00,19835431.60,-1
2025-04-15,480.00,485.00,475.00,478.55,-0.31,31801.00,15313142.40,-1
2025-04-16,478.20,483.00,470.40,471.64,-1.44,25003.00,11890044.70,-1
2025-04-17,463.00,479.00,463.00,468.84,-0.59,47466.00,22455147.90,-1
2025-04-20,470.00,471.00,460.10,462.06,-1.45,26754.00,12397103.50,-1
2025-04-21,460.00,462.00,455.60,457.92,-0.90,54068.00,24772560.00,-1
2025-04-22,467.00,467.00,455.00,455.82,-0.46,27816.00,12689659.50,-1
2025-04-23,464.70,464.70,451.20,451.90,-0.86,20405.00,9263283.00,-1
2025-04-24,448.00,450.00,442.00,443.90,-1.77,33218.00,14783152.60,-1
2025-04-27,450.30,451.00,438.00,439.57,-0.98,33091.00,14661953.90,-1
2025-04-28,444.00,444.00,433.00,433.76,-1.32,29281.00,12793824.10,-1
2025-04-29,433.70,435.00,427.00,429.00,-1.10,29573.00,12703009.00,-1
2025-04-30,435.00,435.00,425.00,429.34,0.08,45452.00,19383319.30,1
2025-05-01,435.00,435.00,425.00,429.34,0.08,45452.00,19383319.30,1
2025-05-04,437.00,437.00,427.00,429.93,0.14,35478.00,15289644.30,1
2025-05-05,425.00,435.00,425.00,430.14,0.05,20633.00,8837134.90,1
2025-05-06,432.00,473.00,424.00,459.35,6.79,115795.00,51425171.00,1
2025-05-07,453.00,468.50,453.00,464.15,1.04,44209.00,20400977.10,1
2025-05-08,463.00,479.00,450.00,467.36,0.69,52122.00,24368696.90,1
2025-05-11,467.00,467.00,458.70,459.63,-1.65,58301.00,26898343.30,-1
2025-05-12,467.00,467.00,458.70,459.63,-1.65,58301.00,26898343.30,-1
2025-05-13,468.00,476.00,452.20,456.23,-0.74,36152.00,16557180.60,-1
2025-05-14,456.00,463.80,442.00,444.40,-2.59,30136.00,13480677.00,-1
2025-05-15,440.20,444.00,436.10,441.88,-0.57,12943.00,5702855.90,-1
2025-05-18,441.10,446.00,437.00,439.47,-0.55,14060.00,6189142.00,-1
2025-05-19,440.00,448.00,440.00,442.13,0.61,8118.00,3591993.30,1
2025-05-20,440.00,448.60,436.00,448.22,1.38,17451.00,7715635.70,1
2025-05-21,457.10,458.90,444.00,446.94,-0.29,34270.00,15395887.00,-1
2025-05-22,447.00,450.00,440.30,443.67,-0.73,24169.00,10777442.70,-1
2025-05-25,452.00,452.00,438.00,440.62,-0.69,14562.00,6409708.40,-1
2025-05-26,448.00,459.00,437.00,437.93,-0.61,17192.00,7590247.60,-1
2025-05-27,438.00,441.30,435.00,436.98,-0.22,15293.00,6681841.60,-1
2025-05-28,435.00,443.40,435.00,441.06,0.93,17244.00,7561509.70,1
2025-05-29,435.00,443.40,435.00,441.06,0.93,17244.00,7561509.70,1
2025-06-01,435.00,443.40,435.00,441.06,0.93,17244.00,7561509.70,1
2025-06-02,448.40,448.50,437.20,438.12,-0.67,11220.00,4929617.70,-1
2025-06-03,435.00,443.70,432.20,435.86,-0.52,28607.00,12532262.70,-1
2025-06-04,430.20,440.00,430.20,435.92,0.01,18425.00,8033243.70,1
2025-06-05,442.00,442.00,435.50,438.04,0.49,15610.00,6853821.80,1
2025-06-08,434.00,441.00,434.00,437.21,-0.19,11708.00,5121491.80,-1
2025-06-09,434.00,458.90,430.20,454.21,3.89,49525.00,22118339.10,1
2025-06-10,463.20,465.00,451.00,451.71,-0.55,34003.00,15556098.60,-1
2025-06-11,451.00,460.00,446.20,455.96,0.94,20519.00,9317551.10,1
2025-06-12,457.10,469.50,456.30,457.72,0.39,67945.00,31472805.50,1
2025-06-15,460.00,472.90,453.00,465.67,1.74,63640.00,29613329.40,1
2025-06-16,473.00,478.30,460.30,463.67,-0.43,74243.00,34915327.10,-1
2025-06-17,463.00,463.00,457.20,460.44,-0.70,19223.00,8829870.50,-1
2025-06-18,460.00,465.00,457.00,457.38,-0.66,17331.00,7964661.90,-1
2025-06-19,458.00,462.90,445.00,447.36,-2.19,51513.00,23382005.20,-1
2025-06-22,445.00,452.00,441.10,442.39,-1.11,12482.00,5549187.90,-1
2025-06-23,442.00,455.00,437.20,446.79,0.99,14477.00,6462873.10,1
2025-06-24,439.00,455.80,439.00,443.15,-0.81,19956.00,8956326.80,-1
2025-06-25,439.10,449.80,439.10,444.36,0.27,5806.00,2580161.30,1
2025-06-26,444.00,456.00,441.30,448.86,1.01,38200.00,17211884.60,1
2025-06-29,448.00,483.80,442.00,480.07,6.95,175442.00,82690292.40,1
2025-06-30,481.00,485.00,466.50,468.51,-2.41,57570.00,27175124.00,-1
2025-07-01,468.00,483.00,467.20,478.87,2.21,50172.00,23856560.90,1
2025-07-02,485.00,487.50,475.00,477.24,-0.34,105722.00,51036506.30,-1
2025-07-03,485.90,486.70,466.00,469.37,-1.65,59896.00,28440082.30,-1
2025-07-06,467.00,470.00,463.40,465.34,-0.86,50646.00,23572459.80,-1
2025-07-07,465.00,465.00,456.40,458.16,-1.54,25158.00,11561665.90,-1
2025-07-08,458.00,466.90,451.00,464.69,1.43,33166.00,15341276.00,1
2025-07-09,464.60,473.90,461.10,465.70,0.22,41678.00,19501090.60,1
2025-07-10,465.70,475.10,461.30,469.36,0.79,45792.00,21395704.40,1
2025-07-13,478.00,480.00,460.00,462.06,-1.56,30020.00,14037815.20,-1
2025-07-14,465.00,470.00,458.00,462.51,0.10,14375.00,6650620.20,1
2025-07-15,461.30,473.00,461.30,468.32,1.26,27083.00,12660196.20,1
2025-07-16,477.60,499.00,465.10,482.30,2.99,75208.00,35915852.00,1
2025-07-17,489.90,501.70,487.10,491.81,1.97,82934.00,40860040.30,1
2025-07-20,485.00,501.00,480.00,482.91,-1.81,101908.00,50403475.20,-1
2025-07-21,487.00,490.00,481.00,486.22,0.69,34128.00,16541675.30,1
2025-07-22,481.00,499.90,481.00,494.59,1.72,66277.00,32779671.70,1
2025-07-23,493.00,544.00,493.00,541.10,9.40,242045.00,124971480.20,1
2025-07-24,550.00,595.20,520.00,595.20,10.00,1191263.00,662867705.90,1
2025-07-27,607.00,643.00,550.00,632.63,6.29,1321127.00,760656345.90,1
2025-07-28,632.60,632.60,588.00,600.47,-5.08,406177.00,243900897.20,-1
2025-07-29,582.90,642.00,575.00,636.57,7.04,1078962.00,638243521.40,1
2025-07-30,641.00,648.50,590.00,623.56,-2.04,928024.00,566901446.10,-1
2025-07-31,612.20,662.00,606.70,623.14,-0.07,312192.00,194666419.20,-1
2025-08-03,611.00,617.00,583.20,587.16,-5.77,351012.00,209360100.70,-1
2025-08-04,578.10,598.00,576.00,579.90,-1.24,171364.00,100180315.60,-1
2025-08-05,584.00,590.00,568.40,570.33,-1.65,191993.00,110931553.50,-1
2025-08-06,566.00,580.00,565.00,567.09,-0.57,283102.00,161528598.10,-1
2025-08-07,570.10,584.40,557.00,558.94,-1.44,214560.00,122077523.10,-1
2025-08-10,570.10,584.40,557.00,558.94,-1.44,214560.00,122077523.10,-1
2025-08-11,570.10,570.10,540.00,543.84,-2.70,167630.00,92787926.90,-1
2025-08-12,540.20,567.00,540.20,556.07,2.25,171086.00,95787513.20,1
2025-08-13,566.00,566.00,545.60,549.01,-1.27,60682.00,33572425.80,-1
2025-08-14,546.00,555.90,534.10,540.60,-1.53,94196.00,51234752.70,-1
2025-08-17,540.60,565.00,533.50,547.58,1.29,150363.00,82798125.80,1
2025-08-18,558.10,568.50,542.00,556.55,1.64,154685.00,86830637.50,1
2025-08-19,560.00,574.00,548.00,550.58,-1.07,108801.00,60739512.70,-1
2025-08-20,561.50,561.50,539.00,542.53,-1.46,75588.00,41325540.10,-1
2025-08-21,542.00,552.00,541.10,546.75,0.78,50010.00,27300856.60,1
2025-08-24,541.00,559.00,540.00,540.81,-1.09,51707.00,28344452.40,-1
2025-08-25,550.00,551.60,535.20,542.22,0.26,44129.00,23913462.50,1
2025-08-26,536.20,550.00,536.20,537.98,-0.78,18452.00,9946776.40,-1
2025-08-27,548.00,586.00,535.00,581.47,8.08,846623.00,465379407.40,1
2025-08-28,581.47,584.90,558.00,561.13,-3.50,141033.00,80401570.90,-1
2025-08-31,572.00,572.00,544.00,544.82,-2.91,113838.00,62557349.30,-1
2025-09-01,542.00,552.00,539.00,544.19,-0.12,39847.00,21751052.40,-1
2025-09-02,541.30,550.00,540.10,541.35,-0.52,30172.00,16362618.40,-1
2025-09-03,536.00,545.00,536.00,536.59,-0.88,29316.00,15797153.50,-1
2025-09-04,534.00,545.00,532.10,539.31,0.51,64332.00,34526488.30,1
2025-09-07,535.00,543.00,532.10,534.41,-0.91,41595.00,22348672.20,-1
2025-09-08,530.00,540.00,525.20,525.73,-1.62,50107.00,26462157.20,-1
2025-09-09,530.00,540.00,525.20,525.73,-1.62,50107.00,26462157.20,-1
2025-09-10,530.00,540.00,525.20,525.73,-1.62,50107.00,26462157.20,-1
2025-09-11,530.00,540.00,525.20,525.73,-1.62,50107.00,26462157.20,-1
2025-09-14,530.00,540.00,525.20,525.73,-1.62,50107.00,26462157.20,-1
2025-09-15,530.00,540.00,525.20,525.73,-1.62,50107.00,26462157.20,-1
2025-09-16,530.00,540.00,525.20,525.73,-1.62,50107.00,26462157.20,-1
2025-09-17,530.00,540.00,525.20,525.73,-1.62,50107.00,26462157.20,-1
2025-09-18,515.30,515.30,473.20,490.00,-6.80,5977.00,2895781.00,-1
2025-09-21,480.20,529.00,480.20,517.22,5.56,73505.00,37720352.40,1
2025-09-22,480.20,529.00,480.20,517.22,5.56,73505.00,37720352.40,1
2025-09-23,518.00,537.00,518.00,530.00,2.47,51225.00,26889350.90,1
2025-09-24,520.50,540.60,520.00,526.10,-0.74,49700.00,26268298.90,-1
2025-09-25,525.00,535.00,520.10,532.00,1.12,33163.00,17502384.90,1
2025-09-28,523.00,534.00,523.00,532.00,0.00,32510.00,17254989.70,0
2025-09-29,523.00,534.00,523.00,532.00,0.00,32510.00,17254989.70,0
2025-09-30,523.00,534.00,523.00,532.00,0.00,32510.00,17254989.70,0
2025-10-01,523.00,534.00,523.00,532.00,0.00,32510.00,17254989.70,0
2025-10-02,523.00,534.00,523.00,532.00,0.00,32510.00,17254989.70,0
2025-10-05,523.00,534.00,523.00,532.00,0.00,32510.00,17254989.70,0
2025-10-06,523.00,534.00,523.00,532.00,0.00,32510.00,17254989.70,0
2025-10-07,521.40,529.50,515.00,515.50,-3.10,45670.00,23711153.30,-1
2025-10-08,524.00,524.00,496.70,501.00,-2.81,36194.00,18298504.80,-1
2025-10-09,511.00,531.00,499.00,499.00,-0.40,50722.00,25974415.20,-1
2025-10-12,490.10,500.00,475.10,484.50,-2.91,53750.00,25937229.90,-1
2025-10-13,478.00,504.00,470.00,498.00,2.79,23832.00,11534097.20,1
2025-10-14,488.30,498.00,481.00,488.00,-2.01,23790.00,11546685.20,-1
2025-10-15,479.10,495.00,476.00,480.00,-1.64,23512.00,11338941.00,-1
2025-10-16,476.00,488.40,472.10,472.10,-1.65,18776.00,8998356.80,-1
2025-10-19,472.50,479.90,466.00,477.90,1.23,11746.00,5553885.40,1
2025-10-20,472.50,479.90,466.00,477.90,1.23,11746.00,5553885.40,1
2025-10-21,472.50,479.90,466.00,477.90,1.23,11746.00,5553885.40,1
2025-10-22,472.50,479.90,466.00,477.90,1.23,11746.00,5553885.40,1
2025-10-23,472.50,479.90,466.00,477.90,1.23,11746.00,5553885.40,1
2025-10-26,469.00,482.90,469.00,478.00,0.02,11559.00,5543578.40,1
2025-10-27,469.00,482.90,469.00,478.00,0.02,11559.00,5543578.40,1
2025-10-28,478.00,515.00,478.00,506.00,5.86,66961.00,33728626.30,1
2025-10-29,514.90,533.00,505.10,521.00,2.96,122048.00,63795808.40,1
2025-10-30,520.10,538.00,520.10,535.00,2.69,87461.00,46603394.40,1
2025-11-02,534.00,540.00,525.00,525.50,-1.78,69334.00,36810598.70,-1
2025-11-03,534.00,534.00,511.10,517.00,-1.62,53319.00,27678681.00,-1
2025-11-04,517.00,522.50,507.00,510.00,-1.35,70239.00,36176253.00,-1
2025-11-05,510.00,520.00,510.00,518.00,1.57,44210.00,22884031.20,1
2025-11-06,510.00,524.40,508.10,517.80,-0.04,27714.00,14291203.30,-1
2025-11-09,513.00,517.00,507.50,515.00,-0.54,27024.00,13796000.10,-1
2025-11-10,507.00,516.90,507.00,509.60,-1.05,62480.00,31894210.40,-1
2025-11-11,510.00,519.00,508.00,510.40,0.16,81119.00,41552339.20,1
2025-11-12,501.00,520.00,501.00,512.40,0.39,51514.00,26354985.90,1
2025-11-13,502.20,526.00,502.20,523.70,2.21,92258.00,47973022.60,1
2025-11-16,523.70,528.00,516.00,521.00,-0.52,70844.00,37040852.30,-1
2025-11-17,522.00,535.00,522.00,535.00,2.69,62923.00,33243717.60,1
2025-11-18,535.00,545.00,528.00,531.00,-0.75,58668.00,31535394.70,-1
2025-11-19,539.00,539.00,520.00,528.90,-0.40,25989.00,13633774.90,-1
2025-11-20,532.80,532.80,518.40,522.50,-1.21,28027.00,14713766.10,-1
2025-11-23,522.00,532.20,522.00,531.60,1.74,29901.00,15856493.30,1
2025-11-24,528.10,540.00,528.10,540.00,1.58,35562.00,19048193.00,1
2025-11-25,543.00,546.80,533.20,534.00,-1.11,40733.00,21981094.70,-1
2025-11-26,530.00,544.60,530.00,536.80,0.52,19989.00,10759651.60,1
2025-11-27,538.50,546.00,538.00,545.90,1.70,65497.00,35530442.30,1
2025-11-30,548.00,567.00,535.00,548.00,0.38,391921.00,213578197.00,1
2025-12-01,552.90,602.00,538.10,599.00,9.31,113200.00,62354682.80,1
2025-12-02,587.20,587.20,540.00,540.00,-9.85,201886.00,111112569.10,-1
2025-12-03,545.00,545.00,527.00,528.10,-2.20,89252.00,47644035.30,-1
2025-12-04,545.00,545.00,527.00,528.10,-2.20,89252.00,47644035.30,-1
2025-12-07,525.30,533.00,520.50,520.50,-1.44,31937.00,16719060.20,-1
2025-12-08,520.00,534.20,520.00,524.00,0.67,39945.00,20968422.30,1
2025-12-09,524.00,529.00,522.00,525.00,0.19,18319.00,9611939.80,1
2025-12-10,534.00,534.00,520.00,520.20,-0.91,19944.00,10407881.70,-1
2025-12-11,515.50,524.90,515.50,518.00,-0.42,19644.00,10187080.50,-1
2025-12-14,515.00,523.00,512.00,516.90,-0.21,30143.00,15513754.10,-1
2025-12-15,511.30,520.50,511.30,516.00,-0.17,16180.00,8361795.10,-1
2025-12-16,511.00,522.00,511.00,521.00,0.97,21739.00,11291157.30,1
2025-12-17,513.10,564.00,513.10,526.60,1.07,21535.00,11360828.20,1
2025-12-18,524.50,530.00,520.00,522.30,-0.82,23777.00,12452313.00,-1
2025-12-21,525.00,525.00,518.00,519.00,-0.63,22823.00,11855942.60,-1
2025-12-22,515.10,520.00,513.00,518.00,-0.19,20159.00,10420754.10,-1
2025-12-23,520.00,524.00,515.10,517.00,-0.19,15509.00,8036612.40,-1
2025-12-24,513.70,523.50,510.00,511.30,-1.10,55824.00,28761489.20,-1
2025-12-25,513.70,523.50,510.00,511.30,-1.10,55824.00,28761489.20,-1
2025-12-28,521.40,521.40,513.00,518.50,1.41,74880.00,38638911.20,1
2025-12-29,519.00,520.00,507.60,507.60,-2.10,66181.00,33783564.60,-1
2025-12-30,519.00,520.00,507.60,507.60,-2.10,66181.00,33783564.60,-1
2025-12-31,505.00,524.60,499.20,510.00,0.47,349744.00,177903413.00,1
2026-01-01,501.10,509.90,499.10,501.00,-1.76,60355.00,30285490.70,-1
2026-01-04,500.00,500.00,495.00,499.00,-0.40,12278.00,6102094.00,-1
2026-01-06,510.00,517.00,499.00,514.00,0.78,64465.00,32610394.90,1
2026-01-07,510.00,511.40,497.50,503.90,-1.96,54437.00,27271555.30,-1
2026-01-08,497.00,505.00,497.00,498.00,-1.17,43591.00,21795063.70,-1
2026-01-11,497.00,505.00,497.00,498.00,-1.17,43591.00,21795063.70,-1
2026-01-12,495.00,502.00,492.00,495.00,-0.60,59275.00,29401680.50,-1
2026-01-13,500.00,505.00,490.10,497.80,0.57,73111.00,36599807.80,1
2026-01-14,497.80,504.60,490.00,502.80,1.00,184300.00,92009509.10,1
2026-01-15,497.80,504.60,490.00,502.80,1.00,184300.00,92009509.10,1
2026-01-18,506.60,506.70,495.00,504.00,0.24,106299.00,53167610.10,1
2026-01-19,506.60,506.70,495.00,504.00,0.24,106299.00,53167610.10,1
2026-01-20,503.00,530.00,500.00,524.80,4.13,594345.00,301376764.40,1
2026-01-21,524.00,527.50,512.20,516.00,-1.68,51919.00,26882854.80,-1
2026-01-22,522.00,522.00,504.00,515.00,-0.19,139871.00,71036599.00,-1
2026-01-25,505.00,564.00,505.00,536.00,4.08,769160.00,397750505.50,1
2026-01-26,538.00,538.00,519.00,530.00,-1.12,163280.00,85513387.70,-1
2026-01-27,530.00,533.80,508.00,510.10,-3.75,118436.00,61426980.60,-1
2026-01-28,499.90,540.00,499.90,506.60,-0.69,183514.00,93570508.40,-1
2026-01-29,506.60,514.90,504.00,507.00,0.08,145066.00,73712160.30,1
2026-02-01,509.00,509.00,499.00,502.00,-0.99,86568.00,43487740.10,-1
2026-02-02,506.00,506.00,495.60,498.00,-0.80,76091.00,37964498.90,-1
2026-02-03,499.00,503.00,490.30,496.00,-0.40,79175.00,39188057.50,-1
2026-02-04,492.00,503.00,489.00,491.90,-0.83,114918.00,56582442.40,-1
2026-02-05,498.90,501.70,489.50,492.00,0.02,101265.00,50143423.60,1
2026-02-08,500.00,503.00,490.00,494.90,0.59,117726.00,58463947.60,1
2026-02-09,494.10,499.00,487.10,487.50,-1.50,64777.00,31759661.80,-1
2026-02-10,488.00,494.50,481.00,481.50,-1.23,69172.00,33564527.70,-1
2026-02-11,485.00,490.00,481.50,482.90,0.29,32515.00,15748327.20,1
2026-02-12,474.00,495.50,474.00,486.30,0.70,71630.00,34982546.30,1
2026-02-15,474.00,495.50,474.00,486.30,0.70,71630.00,34982546.30,1
2026-02-16,495.00,503.90,485.00,490.00,0.76,31932.00,15538246.50,1
2026-02-17,484.20,488.80,482.00,485.00,-1.02,56423.00,27357781.70,-1
2026-02-18,484.20,488.80,482.00,485.00,-1.02,56423.00,27357781.70,-1
2026-02-19,484.20,488.80,482.00,485.00,-1.02,56423.00,27357781.70,-1
2026-02-22,488.00,489.00,479.10,480.00,-1.03,41135.00,19801031.10,-1
2026-02-23,479.10,484.90,479.10,479.40,-0.13,39517.00,18989114.40,-1
2026-02-24,480.10,484.00,480.10,482.10,0.56,12527.00,6037414.20,1
2026-02-25,480.00,489.00,480.00,485.00,0.60,19225.00,9321513.00,1
2026-02-26,486.00,486.00,482.90,484.50,-0.10,28822.00,13958945.00,-1
2026-03-01,486.00,486.00,482.90,484.50,-0.10,28822.00,13958945.00,-1
2026-03-02,480.00,489.50,480.00,486.00,0.31,45641.00,22128515.70,1
2026-03-03,484.00,496.00,484.00,494.80,1.81,30488.00,14992153.60,1
2026-03-04,484.00,496.00,484.00,494.80,1.81,30488.00,14992153.60,1
2026-03-05,484.00,496.00,484.00,494.80,1.81,30488.00,14992153.60,1
2026-03-08,484.00,496.00,484.00,494.80,1.81,30488.00,14992153.60,1
2026-03-09,504.60,535.00,504.60,535.00,8.12,198.00,102234.80,1
2026-03-10,540.00,540.00,500.10,518.60,-3.07,361048.00,183894209.90,-1
2026-03-11,520.00,525.00,510.00,510.00,-1.66,66265.00,34155530.30,-1
2026-03-12,512.00,516.90,507.00,514.90,0.96,71439.00,36634103.30,1
2026-03-15,505.00,566.10,505.00,513.00,-0.37,247620.00,126489193.70,-1
2026-03-16,521.90,521.90,507.30,510.50,-0.49,53090.00,27155352.50,-1
2026-03-17,510.00,511.00,499.30,510.00,-0.10,87618.00,44281981.40,-1
2026-03-18,510.00,511.00,499.30,510.00,-0.10,87618.00,44281981.40,-1
2026-03-19,510.50,517.00,510.00,511.50,0.29,144633.00,74311333.10,1
2026-03-22,515.00,520.00,511.00,517.50,1.17,114311.00,58991669.50,1
2026-03-23,515.00,526.00,515.00,526.00,1.64,127195.00,66286216.40,1
2026-03-24,531.00,532.00,518.50,528.00,0.38,83725.00,44085706.20,1
2026-03-25,525.00,526.00,510.60,516.00,-2.27,80275.00,41617667.50,-1
2026-03-26,515.00,521.00,512.00,516.30,0.06,65384.00,33771770.10,1
2026-03-29,516.00,520.00,502.00,507.00,-1.80,99489.00,50591809.70,-1
2026-03-30,500.00,513.00,496.90,501.00,-1.18,75786.00,38124166.90,-1
2026-03-31,508.90,508.90,494.10,500.00,-0.20,44172.00,22083391.60,-1
2026-04-01,495.10,500.00,489.00,490.00,-2.00,52383.00,25820216.70,-1
2026-04-02,487.10,496.70,483.30,491.00,0.20,39500.00,19307264.50,1
2026-04-05,486.50,486.50,470.00,473.50,-3.56,70113.00,33370081.50,-1
2026-04-06,475.00,493.60,475.00,489.90,3.46,30454.00,14802451.60,1
2026-04-07,495.00,495.00,483.20,484.60,-1.08,29648.00,14458453.40,-1
2026-04-08,485.00,494.00,485.00,494.00,1.94,19935.00,9790356.70,1
2026-04-09,500.00,503.00,490.00,503.00,1.82,33884.00,16956012.30,1
2026-04-10,503.00,505.00,493.00,500.00,-0.60,29957.00,14950909.20,-1
2026-04-13,496.00,503.00,496.00,500.00,0.00,29304.00,14658176.00,0
2026-04-14,496.00,503.00,496.00,500.00,0.00,29304.00,14658176.00,0
2026-04-15,500.00,510.00,500.00,504.50,0.90,35799.00,18132861.40,1
2026-04-16,505.00,507.00,496.30,506.00,0.30,43755.00,21936321.50,1
2026-04-17,508.00,508.00,497.50,507.00,0.20,21664.00,10916087.10,1
2026-04-20,507.00,507.00,497.60,498.00,-1.78,16489.00,8230028.90,-1
2026-04-21,495.10,500.00,491.30,496.00,-0.40,10254.00,5076167.90,-1
2026-04-22,499.00,500.00,487.00,500.00,0.81,19092.00,9392329.10,1
2026-04-23,500.00,502.00,493.00,498.00,-0.40,23720.00,11837204.00,-1
2026-04-24,484.00,500.00,484.00,500.00,0.40,23922.00,11766397.80,1
2026-04-27,500.00,501.00,490.30,495.00,-1.00,10890.00,5396508.60,-1
2026-04-28,495.00,496.00,488.20,488.40,-1.33,16264.00,7994410.50,-1
2026-04-29,488.40,490.00,484.00,488.00,-0.08,12990.00,6315731.70,-1
2026-04-30,480.20,489.00,480.00,487.50,-0.10,26961.00,13027636.00,-1
2026-05-01,480.20,489.00,480.00,487.50,-0.10,26961.00,13027636.00,-1
2026-05-04,480.00,491.00,475.00,487.00,-0.10,12281.00,5943549.30,-1
2026-05-05,477.00,490.00,477.00,485.90,-0.23,4638.00,2244693.20,-1
2026-05-06,485.00,488.00,484.00,485.50,-0.08,9467.00,4593771.10,-1
2026-05-07,480.00,491.00,478.00,486.10,0.12,14418.00,7046389.70,1
2026-05-08,485.00,492.00,482.60,489.00,0.60,7506.00,3662266.30,1
2026-05-11,490.00,496.10,488.00,496.00,1.43,19339.00,9509492.10,1
2026-05-12,499.00,499.00,489.10,490.00,-1.21,10516.00,5175640.70,-1
2026-05-13,485.00,492.00,480.30,487.20,-0.57,6383.00,3107566.90,-1
2026-05-14,482.10,491.00,480.10,486.40,-0.16,20015.00,9662876.10,-1
2026-05-15,481.10,494.00,481.10,486.30,-0.02,8812.00,4302595.90,-1
2026-05-18,486.00,495.00,481.50,493.90,1.56,27588.00,13517826.20,1
2026-05-19,494.00,494.00,487.00,490.00,-0.79,12129.00,5947839.60,-1
2026-05-20,487.10,494.00,487.10,492.50,0.51,7226.00,3553197.50,1
2026-05-21,492.00,496.00,488.00,490.00,-0.51,8346.00,4088918.80,-1
2026-05-22,486.00,492.00,486.00,491.90,0.39,17182.00,8416045.90,1
2026-05-25,492.00,500.00,492.00,499.00,1.44,18429.00,9156336.00,1
2026-05-27,502.00,503.00,495.00,499.60,0.52,23220.00,11561172.60,1
2026-05-28,502.00,503.00,495.00,499.60,0.52,23220.00,11561172.60,1
2026-05-29,502.00,503.00,495.00,499.60,0.52,23220.00,11561172.60,1
2026-06-01,491.00,500.00,490.00,490.70,-1.78,7253.00,3578477.30,-1
2026-06-02,485.00,495.00,485.00,490.00,-0.14,7503.00,3680679.80,-1
2026-06-03,490.00,495.00,488.00,490.00,0.00,16752.00,8216697.40,0
2026-06-04,504.70,504.70,489.50,492.00,0.41,13236.00,6511573.80,1
2026-06-05,489.00,497.00,489.00,490.00,-0.41,15808.00,7754514.00,-1
2026-06-08,488.00,491.00,487.50,490.00,0.00,13485.00,6587279.90,0
2026-06-09,485.00,493.90,483.00,492.90,0.59,15877.00,7731830.80,1
2026-06-10,490.00,500.00,490.00,492.00,-0.18,17557.00,8660872.00,-1
2026-06-11,485.30,493.00,485.30,489.80,-0.45,8603.00,4212329.60,-1
2026-06-12,483.20,492.00,483.20,489.00,-0.16,8656.00,4228406.40,-1
2026-06-15,485.10,492.00,485.10,486.50,-0.51,20007.00,9772207.70,-1
2026-06-16,484.00,488.00,484.00,485.20,-0.27,6644.00,3225879.00,-1
